order_item_id,order_id,product_id,quantity,unit_price,discount_pct
1,1,21,1,76.3,0.0
2,1,32,1,89.14,2.1
3,2,42,2,86.85,14.4
4,2,14,1,62.3,0.0
5,3,19,1,31.17,5.4
6,4,23,1,126.32,0.0
7,5,33,1,93.81,0.0
8,6,45,1,34.63,6.1
9,7,25,1,86.89,0.0
10,8,35,2,21.04,0.6
11,9,9,1,71.64,0.0
12,10,11,1,91.57,10.1
13,10,17,1,47.08,12.6
14,11,47,1,66.27,2.0
15,12,1,1,106.5,0.0
16,13,46,1,36.72,3.4
17,14,20,1,44.52,5.1
18,15,21,1,75.51,1.0
19,16,5,1,32.48,0.0
20,17,56,1,62.06,4.1
21,17,11,1,101.87,0.0
22,18,25,1,86.89,0.0
23,18,57,1,53.09,3.7
24,19,11,2,93.73,8.0
25,19,63,1,21.31,6.6
26,20,65,1,30.89,0.1
27,21,63,2,22.82,0.0
28,21,34,1,78.34,0.0
29,22,30,1,27.62,8.6
30,22,10,1,118.73,0.7
31,23,57,1,54.97,0.3
32,23,44,1,94.26,6.9
33,23,29,1,70.77,3.4
34,24,9,2,71.64,0.0
35,25,48,1,52.0,6.2
36,25,5,1,32.48,0.0
37,25,20,1,44.92,4.2
38,26,29,2,68.17,6.9
39,27,39,1,51.5,6.3
40,28,65,2,30.93,0.0
41,28,32,1,91.06,0.0
42,29,47,1,61.65,8.8
43,30,12,1,147.67,0.0
44,30,59,1,110.3,3.3
45,30,33,1,87.31,6.9
46,31,51,1,126.9,3.9
47,32,19,1,31.4,4.7
48,33,53,1,114.7,1.5
49,33,30,1,30.24,0.0
50,34,59,1,114.03,0.0
51,35,48,1,48.72,12.1
52,36,42,1,87.23,14.1
53,36,49,1,52.58,0.0
54,37,47,1,64.76,4.2
55,38,7,1,97.49,5.1
56,38,30,2,29.68,1.9
57,39,37,1,104.69,3.2
58,40,8,1,63.67,0.4
59,41,26,1,34.53,1.5
60,42,16,1,109.82,8.8
61,43,55,1,32.94,0.0
62,43,49,1,50.11,4.7
63,43,1,2,106.5,0.0
64,44,42,1,86.15,15.1
65,45,18,1,58.36,11.4
66,46,39,2,46.31,15.8
67,47,25,1,86.89,0.0
68,48,1,1,106.5,0.0
69,48,18,1,63.71,3.3
70,49,38,1,22.18,4.1
71,50,22,1,92.56,1.6
72,50,31,1,93.12,2.3
73,51,26,1,32.58,7.0
74,51,31,1,90.31,5.3
75,52,4,1,109.91,5.7
76,53,20,1,44.93,4.2
77,54,44,1,99.58,1.7
78,54,13,1,88.47,10.4
79,55,2,2,114.96,8.6
80,56,7,2,95.4,7.1
81,56,63,1,20.61,9.7
82,56,57,1,55.12,0.0
83,57,53,1,105.17,9.7
84,58,38,1,23.13,0.0
85,59,53,2,106.29,8.8
86,59,19,1,32.0,2.9
87,60,26,1,32.35,7.7
88,61,24,3,57.19,3.3
89,62,16,1,118.55,1.6
90,63,14,1,61.05,2.0
91,64,66,1,40.42,6.0
92,64,21,1,72.65,4.8
93,65,6,1,57.88,16.8
94,66,41,1,85.88,7.6
95,67,16,1,120.44,0.0
96,68,60,1,71.27,0.0
97,69,59,1,114.03,0.0
98,70,42,1,101.51,0.0
99,71,57,1,55.12,0.0
100,71,20,1,40.91,12.8
101,72,12,2,139.66,5.4
102,73,9,2,69.29,3.3
103,74,13,1,96.52,2.2
104,75,15,1,37.8,0.8
105,75,54,2,62.74,4.3
106,76,26,1,33.55,4.3
107,77,48,1,52.03,6.2
108,77,49,1,52.58,0.0
109,78,50,1,35.17,3.4
110,79,6,2,67.6,2.8
111,80,27,3,109.23,5.6
112,81,55,3,31.34,4.9
113,82,43,1,17.73,1.6
114,83,9,1,71.64,0.0
115,83,57,1,50.98,7.5
116,84,36,1,36.4,13.1
117,84,9,1,67.06,6.4
118,85,35,1,21.17,0.0
119,86,31,1,89.27,6.4
120,87,2,1,119.75,4.8
121,88,56,1,56.05,13.4
122,89,26,1,35.05,0.0
123,90,42,1,100.02,1.5
124,91,51,1,128.18,2.9
125,91,62,1,27.06,0.3
126,91,11,2,97.6,4.2
127,92,7,1,98.55,4.0
128,92,4,1,104.25,10.6
129,93,36,1,38.47,8.2
130,94,56,1,58.52,9.6
131,94,53,1,111.84,4.0
132,95,43,1,17.57,2.5
133,96,3,1,30.62,8.1
134,96,51,1,132.04,0.0
135,96,62,1,27.15,0.0
136,97,43,1,17.77,1.4
137,98,50,1,36.11,0.8
138,99,54,2,59.16,9.8
139,100,57,1,52.44,4.9
140,101,48,1,55.44,0.0
141,101,57,1,55.12,0.0
142,102,35,1,20.68,2.3
143,103,21,2,74.26,2.7
144,103,5,1,32.48,0.0
145,104,10,1,119.54,0.0
146,105,31,2,95.3,0.0
147,105,56,1,62.0,4.2
148,106,60,1,63.72,10.6
149,107,34,1,72.35,7.6
150,107,1,1,102.83,3.4
151,108,4,1,116.58,0.0
152,108,21,1,69.38,9.1
153,109,27,1,101.55,12.2
154,110,58,1,39.61,7.8
155,111,9,1,70.36,1.8
156,112,42,1,99.31,2.2
157,113,26,1,32.55,7.1
158,114,9,1,71.64,0.0
159,114,59,1,103.36,9.4
160,115,16,1,107.37,10.8
161,116,24,1,56.82,4.0
162,116,11,1,90.39,11.3
163,117,9,2,61.68,13.9
164,118,14,1,56.37,9.5
165,119,64,1,50.33,0.0
166,119,14,2,60.96,2.2
167,120,8,1,58.52,8.5
168,121,43,1,18.02,0.0
169,122,40,1,84.81,6.3
170,122,6,1,67.95,2.3
171,123,25,1,74.9,13.8
172,124,10,1,119.54,0.0
173,125,34,1,77.19,1.5
174,126,56,1,64.11,1.0
175,127,59,1,110.71,2.9
176,128,4,2,103.9,10.9
177,128,53,1,110.3,5.3
178,129,13,1,89.55,9.3
179,129,54,2,61.11,6.8
180,130,25,1,84.68,2.5
181,131,64,1,46.45,7.7
182,132,10,1,116.27,2.7
183,132,63,1,22.13,3.0
184,133,55,1,32.94,0.0
185,134,47,1,66.12,2.2
186,135,50,1,33.24,8.7
187,136,23,1,121.76,3.6
188,136,14,3,60.18,3.4
189,137,9,1,67.96,5.1
190,138,30,1,27.32,9.7
191,138,39,1,51.14,7.0
192,139,1,1,88.99,16.4
193,139,53,1,111.29,4.5
194,140,13,1,97.98,0.7
195,141,20,1,45.43,3.1
196,141,30,1,30.24,0.0
197,142,22,1,90.99,3.3
198,143,24,1,48.82,17.5
199,144,51,1,125.15,5.2
200,144,65,1,30.15,2.5
201,145,1,2,97.1,8.8
202,145,56,1,60.66,6.3
203,146,34,1,76.95,1.8
204,147,6,1,69.53,0.0
205,148,32,2,90.08,1.1
206,149,35,1,21.17,0.0
207,149,5,1,32.4,0.2
208,150,23,1,121.92,3.5
209,151,40,2,84.92,6.2
210,152,33,1,83.8,10.7
211,152,30,1,29.38,2.9
212,153,45,1,35.39,4.1
213,154,8,1,61.56,3.7
214,155,44,1,99.19,2.1
215,156,20,1,44.71,4.7
216,156,49,2,51.25,2.5
217,157,49,1,52.58,0.0
218,158,22,1,85.56,9.1
219,158,3,1,33.32,0.0
220,159,16,1,117.64,2.3
221,160,64,1,50.33,0.0
222,161,52,1,52.9,6.0
223,162,37,1,104.05,3.7
224,163,28,2,109.29,0.0
225,163,61,1,82.57,8.6
226,164,26,2,34.26,2.3
227,165,60,1,71.27,0.0
228,165,55,1,32.92,0.0
229,165,32,1,89.9,1.3
230,166,36,1,41.88,0.0
231,166,4,1,116.58,0.0
232,166,21,1,67.87,11.0
233,167,61,1,90.36,0.0
234,168,43,1,18.02,0.0
235,169,23,1,124.87,1.2
236,170,16,1,118.54,1.6
237,171,66,1,42.98,0.0
238,171,29,1,66.72,8.9
239,171,31,1,90.03,5.6
240,172,4,1,112.97,3.1
241,173,21,1,66.74,12.5
242,174,30,1,27.01,10.7
243,175,58,1,41.59,3.2
244,176,36,1,39.48,5.7
245,177,45,1,36.23,1.8
246,178,53,1,102.36,12.1
247,179,31,1,87.05,8.7
248,180,58,2,39.07,9.1
249,181,63,1,22.8,0.1
250,182,47,1,65.15,3.6
251,183,44,2,92.63,8.6
252,184,18,1,62.32,5.4
253,184,46,1,38.01,0.0
254,184,35,1,20.53,3.0
255,185,37,1,103.05,4.7
256,185,52,1,56.29,0.0
257,186,13,1,93.11,5.7
258,187,22,2,90.91,3.4
259,187,62,1,27.15,0.0
260,188,55,1,31.87,3.2
261,189,39,1,51.85,5.7
262,190,31,1,94.97,0.4
263,190,66,1,42.98,0.0
264,191,7,2,94.99,7.5
265,192,7,1,94.81,7.7
266,192,57,1,52.84,4.1
267,193,15,2,38.1,0.0
268,193,38,1,23.13,0.0
269,194,55,3,29.61,10.1
270,195,48,1,53.45,3.6
271,196,18,1,65.9,0.0
272,197,53,1,113.77,2.3
273,198,64,1,48.14,4.4
274,199,9,1,71.57,0.1
275,200,36,1,41.66,0.5
276,201,55,1,29.56,10.2
277,201,30,1,26.43,12.6
278,202,8,1,63.85,0.2
279,203,20,1,44.43,5.3
280,204,7,1,91.52,10.9
281,204,38,1,20.69,10.6
282,205,46,2,37.8,0.5
283,205,47,1,67.6,0.0
284,206,40,1,89.89,0.7
285,207,12,1,147.67,0.0
286,207,4,2,116.39,0.2
287,208,51,1,132.04,0.0
288,208,38,1,23.13,0.0
289,209,7,1,91.22,11.2
290,210,27,2,104.81,9.4
291,211,21,1,72.66,4.8
292,211,61,1,88.14,2.5
293,211,53,1,114.94,1.3
294,212,13,1,98.72,0.0
295,212,57,1,55.12,0.0
296,213,13,1,90.06,8.8
297,213,29,3,68.85,6.0
298,214,25,1,83.48,3.9
299,215,20,1,42.93,8.5
300,216,61,1,87.11,3.6
301,216,8,1,59.64,6.7
302,217,57,1,50.87,7.7
303,217,43,1,17.45,3.2
304,218,53,1,105.34,9.6
305,218,18,1,63.95,3.0
306,219,9,1,69.58,2.9
307,219,47,2,64.16,5.1
308,220,50,1,36.39,0.0
309,221,62,1,27.15,0.0
310,221,3,1,33.32,0.0
311,221,48,2,52.14,6.0
312,222,53,1,111.7,4.1
313,223,32,1,73.0,19.8
314,224,62,1,26.83,1.2
315,225,58,1,42.48,1.1
316,225,25,1,82.99,4.5
317,225,3,1,31.7,4.9
318,226,1,1,100.64,5.5
319,226,3,1,30.95,7.1
320,227,8,1,63.07,1.4
321,228,53,1,112.12,3.7
322,229,34,1,78.12,0.3
323,229,58,1,42.75,0.5
324,230,51,1,131.34,0.5
325,230,25,1,79.94,8.0
326,231,27,1,104.34,9.8
327,232,11,1,100.08,1.8
328,233,6,2,67.16,3.4
329,233,60,3,68.42,4.0
330,234,50,1,36.39,0.0
331,235,33,1,93.81,0.0
332,235,3,1,29.26,12.2
333,236,60,1,71.27,0.0
334,237,37,2,108.1,0.0
335,238,60,1,71.27,0.0
336,239,4,1,105.48,9.5
337,239,54,1,61.97,5.5
338,240,40,1,84.88,6.2
339,241,1,1,103.71,2.6
340,241,29,1,73.22,0.0
341,242,60,1,70.26,1.4
342,243,33,1,88.79,5.3
343,244,4,2,115.6,0.8
344,244,51,1,131.19,0.6
345,245,43,3,17.27,4.1
346,246,36,1,41.46,1.0
347,247,11,1,101.87,0.0
348,248,43,1,18.02,0.0
349,249,18,1,56.82,13.8
350,249,8,1,63.0,1.5
351,250,36,1,41.88,0.0
352,250,37,1,101.53,6.1
353,251,32,1,91.06,0.0
354,251,50,1,36.39,0.0
355,252,38,1,20.91,9.6
356,253,8,1,63.95,0.0
357,253,43,2,18.02,0.0
358,254,27,1,111.3,3.8
359,255,46,1,36.88,3.0
360,255,11,2,101.65,0.2
361,256,50,1,35.11,3.5
362,256,31,3,95.34,0.0
363,257,24,1,56.12,5.1
364,257,4,1,114.73,1.6
365,258,2,1,125.51,0.2
366,258,13,3,93.77,5.0
367,258,63,1,21.81,4.4
368,259,56,1,59.1,8.7
369,259,15,1,33.84,11.2
370,260,11,1,91.85,9.8
371,261,59,1,110.73,2.9
372,262,46,1,38.01,0.0
373,263,57,1,54.99,0.2
374,264,60,1,71.27,0.0
375,264,20,1,43.06,8.2
376,265,6,1,62.48,10.1
377,266,45,1,35.84,2.8
378,266,61,3,89.0,1.5
379,267,8,1,63.95,0.0
380,268,38,1,22.64,2.1
381,268,2,1,125.74,0.0
382,269,2,1,125.72,0.0
383,270,31,1,87.46,8.3
384,271,40,1,90.53,0.0
385,272,8,1,62.83,1.7
386,273,7,1,90.57,11.8
387,274,34,1,78.34,0.0
388,275,14,1,60.46,2.9
389,276,14,1,57.42,7.8
390,277,16,1,119.2,1.0
391,278,20,2,42.02,10.4
392,278,9,1,70.72,1.3
393,279,4,1,111.95,4.0
394,280,53,1,115.09,1.2
395,281,64,1,48.27,4.1
396,281,34,1,78.34,0.0
397,282,28,1,104.08,4.8
398,282,31,1,92.04,3.5
399,283,13,1,94.76,4.0
400,284,53,1,104.69,10.1
401,284,10,1,106.43,11.0
402,285,14,1,62.3,0.0
403,286,10,2,119.54,0.0
404,286,6,1,63.32,8.9
405,287,49,1,48.47,7.8
406,288,43,1,17.51,2.8
407,289,32,1,90.36,0.8
408,290,6,1,68.82,1.0
409,291,26,1,31.98,8.8
410,292,35,1,21.07,0.5
411,292,7,1,81.91,20.2
412,293,47,1,66.2,2.1
413,294,16,1,112.41,6.7
414,295,33,1,86.67,7.6
415,296,50,1,35.52,2.4
416,296,56,1,62.14,4.0
417,297,48,2,55.44,0.0
418,298,21,1,68.15,10.7
419,298,32,1,91.06,0.0
420,299,61,3,88.16,2.4
421,299,55,1,32.26,2.1
422,300,3,1,32.65,2.0
423,301,39,1,54.99,0.0
424,302,46,1,37.97,0.1
425,303,52,2,55.1,2.1
426,304,38,1,22.98,0.6
427,305,26,1,35.05,0.0
428,306,8,1,61.57,3.7
429,307,58,1,41.86,2.6
430,308,39,1,53.97,1.9
431,308,61,2,90.36,0.0
432,309,14,1,62.3,0.0
433,309,36,2,39.22,6.4
434,310,48,1,52.39,5.5
435,311,45,1,36.74,0.4
436,311,53,2,116.49,0.0
437,312,35,1,21.17,0.0
438,313,34,1,67.25,14.2
439,313,33,1,84.89,9.5
440,314,5,1,31.48,3.1
441,315,37,1,101.15,6.4
442,316,61,1,90.36,0.0
443,317,30,1,30.24,0.0
444,317,15,1,37.17,2.4
445,318,27,1,111.95,3.3
446,319,45,3,36.34,1.5
447,320,44,3,93.37,7.8
448,321,27,1,111.63,3.5
449,322,48,1,51.26,7.5
450,323,1,1,105.95,0.5
451,323,58,1,42.97,0.0
452,324,35,1,21.17,0.0
453,325,41,1,84.43,9.1
454,325,59,1,111.97,1.8
455,326,62,2,27.15,0.0
456,326,58,1,39.09,9.0
457,327,15,1,36.65,3.8
458,327,57,1,52.6,4.6
459,328,39,1,49.51,10.0
460,329,37,1,104.98,2.9
461,330,21,2,65.2,14.5
462,331,38,1,20.46,11.5
463,332,30,1,26.54,12.2
464,333,59,2,109.89,3.6
465,334,47,1,65.4,3.3
466,335,66,1,42.98,0.0
467,336,65,2,29.3,5.3
468,337,17,3,51.26,4.8
469,338,43,1,18.02,0.0
470,339,42,1,89.94,11.4
471,339,28,1,108.06,1.1
472,340,21,1,70.98,7.0
473,340,41,2,88.63,4.6
474,341,49,2,46.37,11.8
475,342,37,2,108.1,0.0
476,343,63,1,21.75,4.7
477,344,20,1,41.63,11.2
478,344,43,1,17.2,4.6
479,345,25,1,86.89,0.0
480,345,48,1,48.92,11.8
481,346,4,1,103.26,11.4
482,346,17,1,53.47,0.7
483,346,46,1,38.01,0.0
484,347,35,2,19.12,9.7
485,348,62,1,26.03,4.1
486,348,31,1,92.91,2.6
487,349,36,1,37.56,10.3
488,350,18,2,63.39,3.8
489,351,40,2,90.53,0.0
490,352,8,2,56.81,11.2
491,353,10,1,115.58,3.3
492,354,53,1,108.96,6.5
493,355,19,1,31.72,3.8
494,356,46,2,38.01,0.0
495,356,29,1,73.22,0.0
496,357,16,1,118.65,1.5
497,357,23,1,116.35,7.9
498,358,24,1,58.61,1.0
499,359,20,1,45.22,3.6
500,360,46,1,35.84,5.7
501,361,21,1,72.19,5.4
502,362,61,1,86.34,4.4
503,363,51,1,132.04,0.0
504,364,19,1,31.5,4.4
505,364,60,1,71.27,0.0
506,365,57,1,51.66,6.3
507,366,10,1,110.82,7.3
508,367,33,1,90.03,4.0
509,368,22,1,94.09,0.0
510,368,61,1,80.42,11.0
511,369,65,2,27.78,10.2
512,370,37,2,103.32,4.4
513,371,5,1,32.48,0.0
514,371,64,1,48.17,4.3
515,372,24,1,55.14,6.8
516,372,3,1,30.83,7.5
517,373,26,1,32.8,6.4
518,374,33,1,86.82,7.5
519,375,30,1,28.87,4.5
520,376,57,1,54.32,1.5
521,377,29,2,73.22,0.0
522,378,54,2,62.78,4.3
523,379,34,1,67.58,13.7
524,380,60,1,66.73,6.4
525,380,50,1,36.39,0.0
526,381,37,1,104.59,3.2
527,381,29,1,73.22,0.0
528,382,12,1,134.1,9.2
529,383,43,1,16.6,7.9
530,383,41,1,92.93,0.0
531,384,1,2,97.09,8.8
532,385,31,1,95.34,0.0
533,385,35,1,20.26,4.3
534,386,4,1,111.21,4.6
535,387,38,1,21.9,5.3
536,388,58,1,41.88,2.5
537,389,50,3,33.65,7.5
538,390,35,1,19.6,7.4
539,391,21,1,75.82,0.6
540,392,45,1,34.75,5.8
541,393,53,1,111.92,3.9
542,393,46,1,34.32,9.7
543,394,23,1,118.66,6.1
544,395,50,1,36.39,0.0
545,396,44,2,93.86,7.3
546,397,5,1,31.46,3.1
547,398,54,1,64.91,1.0
548,399,41,1,92.93,0.0
549,399,47,1,63.21,6.5
550,400,47,1,64.41,4.7
551,400,44,1,97.39,3.9
552,401,52,1,54.54,3.1
553,401,54,1,62.25,5.1
554,402,10,1,102.07,14.6
555,403,42,1,101.51,0.0
556,404,31,1,95.34,0.0
557,404,51,1,121.02,8.3
558,405,61,3,90.36,0.0
559,405,41,1,82.27,11.5
560,406,59,1,106.11,6.9
561,407,43,1,15.52,13.9
562,408,42,1,90.19,11.2
563,408,2,1,106.28,15.5
564,409,53,1,104.25,10.5
565,410,64,1,45.68,9.2
566,411,22,1,94.09,0.0
567,411,41,1,87.36,6.0
568,411,37,1,108.1,0.0
569,412,22,1,81.89,13.0
570,413,26,2,32.39,7.6
571,413,3,1,33.32,0.0
572,414,66,1,41.75,2.9
573,415,30,1,29.95,0.9
574,416,65,2,30.31,2.0
575,417,3,1,32.34,3.0
576,417,6,1,66.13,4.9
577,418,66,2,42.98,0.0
578,418,19,1,32.96,0.0
579,418,38,1,22.06,4.6
580,419,37,1,102.84,4.9
581,419,38,1,21.98,5.0
582,420,33,1,91.86,2.1
583,420,53,1,114.79,1.5
584,420,2,2,110.69,12.0
585,421,40,1,84.27,6.9
586,421,10,1,112.26,6.1
587,422,54,1,61.43,6.3
588,423,41,1,84.22,9.4
589,424,3,1,31.41,5.7
590,425,46,1,38.01,0.0
591,426,39,1,53.37,2.9
592,427,34,1,70.69,9.8
593,428,5,1,31.74,2.3
594,429,23,1,113.01,10.5
595,429,10,1,105.49,11.7
596,430,27,1,109.14,5.7
597,431,47,1,67.6,0.0
598,432,45,1,35.97,2.5
599,433,50,1,35.01,3.8
600,434,47,1,65.16,3.6
601,435,49,1,52.44,0.3
602,436,23,1,111.46,11.8
603,436,24,1,58.43,1.2
604,437,35,1,20.84,1.5
605,437,15,1,38.1,0.0
606,438,6,1,66.5,4.4
607,439,28,1,95.96,12.2
608,439,5,1,32.48,0.0
609,440,47,1,61.14,9.6
610,440,29,1,67.66,7.6
611,441,16,1,119.29,1.0
612,442,16,1,103.43,14.1
613,442,15,1,32.96,13.5
614,443,29,1,68.92,5.9
615,444,34,1,78.34,0.0
616,444,33,1,83.56,10.9
617,445,16,1,120.44,0.0
618,446,24,1,53.13,10.2
619,446,7,3,95.86,6.7
620,447,14,1,62.3,0.0
621,448,8,1,62.15,2.8
622,449,42,1,93.13,8.3
623,450,20,1,44.07,6.0
624,451,52,1,56.29,0.0
625,451,21,1,65.85,13.7
626,452,27,1,107.17,7.4
627,453,19,1,31.58,4.2
628,454,13,1,93.12,5.7
629,455,14,2,62.3,0.0
630,455,62,2,24.68,9.1
631,456,64,1,46.88,6.9
632,457,46,1,37.13,2.3
633,458,8,1,57.54,10.0
634,458,37,1,96.7,10.5
635,459,42,2,88.76,12.6
636,459,59,1,112.08,1.7
637,459,61,2,82.62,8.6
638,460,23,1,113.76,9.9
639,461,4,3,100.05,14.2
640,462,18,1,65.9,0.0
641,463,6,1,66.0,5.1
642,463,60,1,70.68,0.8
643,464,48,1,55.14,0.5
644,465,57,1,49.09,10.9
645,466,3,1,31.55,5.3
646,466,47,1,67.6,0.0
647,467,5,1,28.4,12.6
648,468,24,1,56.13,5.1
649,468,45,1,35.14,4.7
650,468,46,1,34.37,9.6
651,469,5,1,30.87,5.0
652,470,7,1,90.75,11.6
653,471,7,1,102.7,0.0
654,471,48,2,53.84,2.9
655,472,42,1,101.51,0.0
656,472,29,2,72.12,1.5
657,473,56,1,60.86,6.0
658,474,43,3,18.02,0.0
659,474,18,1,61.11,7.3
660,475,52,2,56.06,0.4
661,476,5,2,30.36,6.5
662,477,60,1,64.71,9.2
663,478,57,1,53.14,3.6
664,479,27,1,108.3,6.4
665,479,45,1,35.69,3.2
666,480,9,1,71.64,0.0
667,481,21,1,75.08,1.6
668,482,59,1,104.23,8.6
669,483,29,1,71.83,1.9
670,483,21,1,76.3,0.0
671,484,20,1,43.22,7.8
672,485,11,1,97.84,4.0
673,486,14,1,58.93,5.4
674,486,37,1,97.02,10.3
675,487,12,1,146.97,0.5
676,488,42,1,96.57,4.9
677,489,23,1,113.82,9.9
678,489,66,1,39.07,9.1
679,490,18,1,59.81,9.2
680,490,38,1,23.13,0.0
681,491,25,1,86.89,0.0
682,492,65,1,30.93,0.0
683,493,30,1,27.26,9.9
684,494,64,1,49.42,1.8
685,494,44,1,101.29,0.0
686,495,54,1,61.63,6.0
687,495,22,1,94.09,0.0
688,496,3,1,31.4,5.7
689,496,60,1,71.27,0.0
690,497,28,2,87.39,20.0
691,498,36,1,40.39,3.6
692,499,39,1,54.99,0.0
693,500,39,1,54.99,0.0
694,500,30,1,29.36,2.9
695,500,57,2,53.86,2.3
696,501,22,1,94.09,0.0
697,502,28,1,100.87,7.7
698,503,49,1,52.58,0.0
699,504,62,2,27.15,0.0
700,505,41,1,89.93,3.2
701,505,47,1,67.6,0.0
702,506,55,1,32.54,1.2
703,507,12,1,144.17,2.4
704,508,24,1,57.87,2.2
705,509,3,1,31.55,5.3
706,510,7,1,101.02,1.6
707,511,23,1,110.04,12.9
708,512,19,1,32.96,0.0
709,513,54,1,65.58,0.0
710,514,53,1,113.06,2.9
711,514,55,1,30.21,8.3
712,515,35,1,20.08,5.1
713,516,64,1,47.71,5.2
714,517,11,1,91.93,9.8
715,517,2,1,103.35,17.8
716,517,14,1,61.85,0.7
717,518,11,1,101.87,0.0
718,518,27,1,115.72,0.0
719,519,59,1,110.71,2.9
720,520,57,2,50.91,7.6
721,520,35,1,21.15,0.1
722,521,7,1,102.6,0.1
723,521,22,1,93.6,0.5
724,522,21,1,76.3,0.0
725,523,15,1,37.77,0.9
726,523,34,1,76.41,2.5
727,524,49,1,51.44,2.2
728,525,40,2,78.67,13.1
729,525,15,1,37.63,1.2
730,526,2,1,121.15,3.6
731,527,11,1,97.0,4.8
732,528,17,1,50.17,6.8
733,528,61,1,86.9,3.8
734,529,55,1,29.89,9.3
735,529,31,1,95.22,0.1
736,530,35,1,20.38,3.7
737,531,31,1,95.34,0.0
738,532,47,1,63.39,6.2
739,533,52,1,55.5,1.4
740,533,13,1,92.62,6.2
741,534,50,1,35.18,3.3
742,535,19,1,29.68,9.9
743,536,43,1,14.88,17.4
744,537,52,1,56.29,0.0
745,538,44,1,101.29,0.0
746,539,39,1,54.99,0.0
747,540,49,1,52.58,0.0
748,541,34,1,75.5,3.6
749,542,18,1,62.67,4.9
750,543,27,1,111.41,3.7
751,544,62,1,24.74,8.9
752,544,33,1,93.81,0.0
753,545,24,1,50.41,14.8
754,545,26,1,35.05,0.0
755,545,5,1,30.49,6.1
756,546,52,1,50.69,10.0
757,547,20,1,43.28,7.7
758,548,38,1,22.21,4.0
759,549,35,1,19.51,7.8
760,549,29,1,73.22,0.0
761,550,54,1,62.18,5.2
762,551,58,1,39.45,8.2
763,551,28,1,105.2,3.7
764,552,56,2,58.61,9.4
765,552,35,1,20.34,3.9
766,553,48,2,49.45,10.8
767,553,20,2,44.45,5.2
768,554,39,1,54.99,0.0
769,555,50,1,36.02,1.0
770,556,35,1,18.84,11.0
771,557,37,1,107.62,0.4
772,558,30,1,28.06,7.2
773,558,20,1,44.73,4.6
774,559,46,1,34.96,8.0
775,559,13,1,94.45,4.3
776,560,51,2,126.53,4.2
777,561,53,1,101.3,13.0
778,562,37,1,108.1,0.0
779,562,29,1,71.27,2.7
780,563,9,1,61.75,13.8
781,563,26,1,31.45,10.3
782,564,26,1,35.05,0.0
783,565,40,1,87.92,2.9
784,566,12,1,140.97,4.5
785,567,12,1,138.61,6.1
786,568,46,1,36.64,3.6
787,569,63,1,21.92,3.9
788,569,10,1,119.54,0.0
789,570,43,1,18.02,0.0
790,571,10,1,110.04,7.9
791,572,57,1,55.12,0.0
792,572,4,1,111.27,4.6
793,573,23,1,114.45,9.4
794,574,7,1,99.35,3.3
795,575,50,1,33.96,6.7
796,575,21,1,67.33,11.8
797,576,26,2,33.79,3.6
798,577,45,1,36.83,0.2
799,578,40,1,84.02,7.2
800,578,50,1,32.61,10.4
801,579,5,1,29.45,9.3
802,579,37,1,108.1,0.0
803,580,50,1,35.34,2.9
804,581,46,1,36.46,4.1
805,582,41,1,89.79,3.4
806,583,39,1,51.79,5.8
807,583,65,1,30.93,0.0
808,584,60,2,67.53,5.3
809,585,19,1,28.13,14.6
810,586,66,1,38.51,10.4
811,586,35,1,21.17,0.0
812,587,4,1,105.9,9.2
813,588,28,1,103.36,5.4
814,589,14,1,55.8,10.4
815,590,57,1,55.06,0.1
816,590,3,1,32.04,3.8
817,591,54,1,64.06,2.3
818,591,55,1,29.83,9.4
819,592,34,1,75.28,3.9
820,593,56,1,59.16,8.6
821,594,30,1,29.82,1.4
822,594,48,1,52.97,4.5
823,595,43,1,18.02,0.0
824,595,19,1,31.7,3.8
825,596,61,1,82.81,8.4
826,597,37,2,98.86,8.5
827,597,56,1,62.91,2.8
828,598,18,1,64.22,2.6
829,598,28,1,103.14,5.6
830,599,42,1,101.0,0.5
831,599,31,1,85.53,10.3
832,600,16,1,107.77,10.5
833,600,11,1,93.87,7.9
834,601,28,1,109.29,0.0
835,602,11,1,101.87,0.0
836,603,32,2,91.06,0.0
837,604,66,1,42.98,0.0
838,605,54,1,62.49,4.7
839,605,7,1,88.07,14.2
840,606,61,1,90.36,0.0
841,607,46,1,36.33,4.4
842,608,64,2,50.33,0.0
843,609,35,1,21.17,0.0
844,610,55,1,32.94,0.0
845,610,62,1,26.71,1.6
846,611,1,1,105.12,1.3
847,611,27,1,115.72,0.0
848,612,17,1,48.85,9.3
849,612,18,1,60.97,7.5
850,612,25,1,81.76,5.9
851,613,13,1,94.45,4.3
852,613,55,1,30.87,6.3
853,614,17,1,47.57,11.7
854,615,63,1,22.82,0.0
855,616,37,1,103.5,4.3
856,617,39,1,53.32,3.0
857,618,38,1,20.95,9.4
858,619,18,1,65.9,0.0
859,619,56,1,63.43,2.0
860,620,38,1,22.87,1.1
861,620,43,3,18.02,0.0
862,621,62,1,23.82,12.3
863,622,8,1,59.38,7.1
864,623,28,2,102.33,6.4
865,624,1,1,106.5,0.0
866,625,43,1,17.05,5.4
867,626,55,1,30.37,7.8
868,626,27,1,111.7,3.5
869,626,5,1,32.48,0.0
870,627,42,2,87.99,13.3
871,628,5,1,31.95,1.6
872,629,18,1,63.24,4.0
873,629,19,1,32.19,2.3
874,630,50,1,35.41,2.7
875,631,20,1,45.18,3.7
876,631,1,2,102.98,3.3
877,632,42,1,94.51,6.9
878,633,25,2,86.89,0.0
879,634,2,1,125.74,0.0
880,635,15,2,35.13,7.8
881,636,36,1,37.55,10.3
882,636,16,1,111.54,7.4
883,637,37,2,96.62,10.6
884,638,19,1,29.8,9.6
885,638,53,1,115.84,0.6
886,639,11,1,101.87,0.0
887,639,49,1,52.58,0.0
888,640,14,1,60.6,2.7
889,641,2,1,112.48,10.5
890,641,6,1,68.55,1.4
891,642,4,1,100.99,13.4
892,642,57,1,54.93,0.3
893,643,52,2,56.29,0.0
894,644,59,1,98.22,13.9
895,645,49,1,49.99,4.9
896,646,14,1,57.24,8.1
897,647,38,1,23.13,0.0
898,648,12,1,132.04,10.6
899,649,32,1,91.06,0.0
900,650,25,1,86.89,0.0
901,651,42,2,91.29,10.1
902,652,3,1,33.32,0.0
903,653,15,1,32.76,14.0
904,654,20,1,44.83,4.4
905,655,49,1,51.03,3.0
906,655,32,1,83.1,8.7
907,656,59,1,112.22,1.6
908,657,35,1,20.4,3.6
909,658,39,1,54.0,1.8
910,659,62,1,24.72,9.0
911,659,33,2,90.49,3.5
912,659,32,1,82.18,9.8
913,660,51,1,132.04,0.0
914,660,62,1,26.71,1.6
915,661,22,1,91.94,2.3
916,662,53,1,106.92,8.2
917,663,48,1,55.44,0.0
918,664,17,1,49.9,7.3
919,665,53,1,116.49,0.0
920,666,54,1,62.42,4.8
921,667,23,1,123.67,2.1
922,667,10,1,113.61,5.0
923,668,14,1,56.59,9.2
924,669,21,1,71.04,6.9
925,670,26,1,35.05,0.0
926,670,29,1,72.81,0.6
927,671,9,1,70.27,1.9
928,671,56,1,64.72,0.0
929,671,39,1,51.27,6.8
930,672,57,1,49.21,10.7
931,672,44,1,101.29,0.0
932,673,23,2,123.59,2.2
933,673,64,1,47.12,6.4
934,674,52,1,51.52,8.5
935,675,66,1,38.32,10.9
936,676,16,1,112.02,7.0
937,676,3,1,29.66,11.0
938,676,50,1,31.9,12.3
939,677,14,1,55.57,10.8
940,678,46,1,38.01,0.0
941,678,53,2,103.44,11.2
942,679,60,1,67.16,5.8
943,679,9,1,71.64,0.0
944,680,29,2,68.21,6.8
945,681,52,1,56.29,0.0
946,681,51,1,131.75,0.2
947,682,42,1,93.69,7.7
948,683,60,1,69.62,2.3
949,683,30,1,25.97,14.1
950,684,58,2,42.97,0.0
951,684,1,2,103.77,2.6
952,685,23,2,115.9,8.2
953,686,14,1,55.72,10.6
954,686,2,1,125.74,0.0
955,687,60,1,70.16,1.6
956,688,14,1,61.69,1.0
957,688,43,1,16.22,10.0
958,689,31,1,95.34,0.0
959,690,61,1,78.46,13.2
960,691,62,1,26.26,3.3
961,691,34,1,76.38,2.5
962,692,18,1,65.9,0.0
963,693,57,1,49.81,9.6
964,693,24,1,54.21,8.4
965,694,15,1,34.21,10.2
966,694,44,1,93.79,7.4
967,694,22,2,88.96,5.4
968,695,48,2,53.69,3.2
969,696,54,1,64.14,2.2
970,696,61,1,86.17,4.6
971,696,40,1,86.41,4.6
972,697,57,1,55.12,0.0
973,698,20,1,46.9,0.0
974,699,21,1,72.56,4.9
975,699,20,1,46.74,0.3
976,700,44,1,97.1,4.1
977,701,38,3,22.84,1.3
978,701,49,2,52.58,0.0
979,702,31,1,89.33,6.3
980,703,49,1,52.58,0.0
981,703,15,1,35.57,6.6
982,704,41,1,85.79,7.7
983,705,41,1,87.39,6.0
984,706,56,1,64.72,0.0
985,707,13,1,94.21,4.6
986,708,5,2,32.48,0.0
987,708,29,1,67.53,7.8
988,709,22,1,82.24,12.6
989,709,33,1,89.21,4.9
990,710,52,2,56.1,0.3
991,711,37,1,97.62,9.7
992,712,38,1,20.85,9.8
993,712,39,1,49.32,10.3
994,713,34,1,68.08,13.1
995,714,57,1,54.95,0.3
996,715,62,1,23.31,14.1
997,716,48,1,55.44,0.0
998,716,9,1,67.78,5.4
999,717,19,1,32.14,2.5
1000,718,37,1,104.53,3.3
1001,718,18,1,62.93,4.5
1002,719,54,1,57.89,11.7
1003,720,62,1,27.15,0.0
1004,721,13,1,97.85,0.9
1005,722,57,1,52.01,5.6
1006,723,38,1,21.54,6.9
1007,724,58,1,40.57,5.6
1008,724,22,1,90.87,3.4
1009,725,3,2,32.85,1.4
1010,726,56,1,61.89,4.4
1011,727,50,2,32.26,11.4
1012,728,30,1,27.78,8.1
1013,728,56,2,57.34,11.4
1014,729,34,2,71.27,9.0
1015,730,61,1,85.3,5.6
1016,730,33,1,89.06,5.1
1017,731,63,1,21.36,6.4
1018,732,30,1,28.34,6.3
1019,733,5,1,28.12,13.4
1020,734,22,1,90.67,3.6
1021,735,28,1,108.62,0.6
1022,735,25,1,83.68,3.7
1023,736,55,2,29.63,10.0
1024,737,24,1,55.71,5.8
1025,738,5,1,29.33,9.7
1026,738,41,1,89.13,4.1
1027,739,52,1,56.29,0.0
1028,740,15,1,35.8,6.0
1029,741,54,1,65.58,0.0
1030,742,53,1,99.11,14.9
1031,742,24,1,56.22,5.0
1032,743,44,1,101.29,0.0
1033,743,3,1,29.61,11.1
1034,744,37,1,105.79,2.1
1035,744,57,1,53.12,3.6
1036,745,47,1,63.85,5.5
1037,745,12,1,131.08,11.2
1038,746,20,1,42.71,8.9
1039,747,26,1,32.45,7.4
1040,748,41,1,86.95,6.4
1041,749,55,1,32.26,2.1
1042,749,33,1,92.59,1.3
1043,750,58,2,38.77,9.8
1044,751,65,1,28.43,8.1
1045,752,48,1,55.44,0.0
1046,752,39,1,47.77,13.1
1047,753,30,1,25.67,15.1
1048,753,21,1,72.64,4.8
1049,754,2,3,120.31,4.3
1050,755,19,2,31.53,4.3
1051,756,64,1,50.33,0.0
1052,757,47,1,62.91,6.9
1053,757,66,1,40.29,6.3
1054,757,24,1,56.39,4.7
1055,758,59,1,109.89,3.6
1056,758,18,1,65.9,0.0
1057,759,18,1,62.44,5.2
1058,759,2,1,113.39,9.8
1059,760,50,2,35.14,3.4
1060,761,64,1,50.33,0.0
1061,761,58,1,38.31,10.8
1062,761,17,1,52.83,1.9
1063,762,27,3,115.72,0.0
1064,762,11,1,98.75,3.1
1065,763,55,1,31.23,5.2
1066,763,23,1,126.32,0.0
1067,764,64,1,43.71,13.1
1068,765,38,1,22.04,4.7
1069,766,13,1,98.72,0.0
1070,767,28,1,109.29,0.0
1071,768,28,1,101.64,7.0
1072,768,24,1,50.06,15.4
1073,769,27,1,106.64,7.9
1074,770,15,1,35.67,6.4
1075,771,28,1,107.32,1.8
1076,772,15,1,36.55,4.1
1077,772,49,1,47.91,8.9
1078,772,60,1,71.25,0.0
1079,773,12,1,144.89,1.9
1080,774,17,1,50.06,7.0
1081,774,44,1,99.4,1.9
1082,774,57,2,55.12,0.0
1083,775,8,1,63.95,0.0
1084,776,2,1,123.81,1.5
1085,777,58,1,39.92,7.1
1086,778,24,1,54.23,8.3
1087,779,45,1,34.67,6.0
1088,780,27,1,107.77,6.9
1089,781,44,1,89.89,11.3
1090,782,35,1,18.05,14.7
1091,783,8,1,58.29,8.9
1092,784,3,1,33.19,0.4
1093,785,11,3,97.16,4.6
1094,786,53,1,95.31,18.2
1095,787,24,2,58.91,0.4
1096,787,17,1,49.27,8.5
1097,788,14,2,56.04,10.1
1098,789,27,1,107.88,6.8
1099,790,64,1,49.64,1.4
1100,791,59,1,105.78,7.2
1101,792,21,1,67.57,11.4
1102,792,39,1,51.55,6.3
1103,793,65,1,30.93,0.0
1104,793,49,1,52.58,0.0
1105,794,45,1,34.25,7.2
1106,794,17,1,48.63,9.7
1107,795,22,1,91.49,2.8
1108,795,6,1,66.92,3.8
1109,796,11,1,96.97,4.8
1110,797,44,1,95.79,5.4
1111,797,3,1,30.57,8.3
1112,798,63,1,21.81,4.4
1113,799,30,1,27.72,8.3
1114,800,60,1,64.44,9.6
1115,800,2,1,114.85,8.7
1116,800,18,1,65.55,0.5
1117,801,3,1,32.34,2.9
1118,802,42,1,98.57,2.9
1119,803,19,1,31.68,3.9
1120,804,50,1,36.39,0.0
1121,805,3,1,33.32,0.0
1122,806,14,2,58.93,5.4
1123,806,23,1,117.77,6.8
1124,807,50,1,34.75,4.5
1125,807,42,1,98.86,2.6
1126,808,61,1,85.21,5.7
1127,808,1,2,99.11,6.9
1128,809,13,1,82.57,16.4
1129,809,2,1,117.53,6.5
1130,810,21,1,66.32,13.1
1131,811,3,1,32.72,1.8
1132,811,8,1,60.23,5.8
1133,812,10,1,101.05,15.5
1134,812,27,1,106.9,7.6
1135,813,58,1,40.61,5.5
1136,814,8,1,63.95,0.0
1137,815,15,2,31.36,17.7
1138,815,16,1,116.39,3.4
1139,816,18,1,64.01,2.9
1140,817,38,1,20.36,12.0
1141,817,24,1,55.82,5.7
1142,818,66,1,37.71,12.3
1143,819,38,1,23.13,0.0
1144,819,7,1,96.48,6.1
1145,820,61,1,84.39,6.6
1146,821,10,1,118.17,1.1
1147,821,52,1,54.2,3.7
1148,822,30,1,27.31,9.7
1149,823,20,1,43.9,6.4
1150,823,59,1,114.03,0.0
1151,824,56,2,57.13,11.7
1152,825,15,1,36.37,4.5
1153,826,11,1,93.42,8.3
1154,827,47,1,63.9,5.5
1155,827,25,1,83.26,4.2
1156,828,21,2,76.05,0.3
1157,829,18,1,65.87,0.0
1158,830,19,1,29.8,9.6
1159,831,23,1,117.38,7.1
1160,832,43,3,15.92,11.7
1161,832,58,1,42.97,0.0
1162,833,48,2,52.34,5.6
1163,833,9,1,63.73,11.0
1164,834,40,1,82.48,8.9
1165,835,25,1,82.9,4.6
1166,836,7,1,102.7,0.0
1167,837,66,1,36.45,15.2
1168,838,27,1,112.63,2.7
1169,839,42,1,96.66,4.8
1170,840,47,1,63.53,6.0
1171,841,10,1,119.54,0.0
1172,842,51,2,126.12,4.5
1173,843,12,1,139.83,5.3
1174,844,27,1,106.61,7.9
1175,845,39,1,50.15,8.8
1176,845,42,1,93.19,8.2
1177,845,59,1,109.03,4.4
1178,846,3,1,32.62,2.1
1179,846,13,2,93.56,5.2
1180,847,41,1,91.57,1.5
1181,848,14,1,56.48,9.3
1182,849,38,1,22.04,4.7
1183,849,40,1,83.1,8.2
1184,850,24,1,55.22,6.7
1185,851,64,1,48.45,3.7
1186,851,38,1,22.58,2.4
1187,852,20,2,44.72,4.6
1188,853,43,1,16.35,9.3
1189,853,28,1,104.27,4.6
1190,854,17,1,50.85,5.6
1191,855,36,1,38.46,8.2
1192,856,15,2,30.36,20.3
1193,857,24,1,53.51,9.6
1194,858,13,1,95.39,3.4
1195,859,38,1,21.52,6.9
1196,860,25,1,74.33,14.5
1197,861,52,1,55.07,2.2
1198,861,56,2,64.72,0.0
1199,862,59,1,112.19,1.6
1200,863,58,1,39.36,8.4
1201,864,50,1,35.96,1.2
1202,864,36,1,40.98,2.2
1203,865,60,1,70.06,1.7
1204,865,44,1,89.71,11.4
1205,866,29,1,73.22,0.0
1206,866,11,1,92.68,9.0
1207,867,25,1,83.56,3.8
1208,868,58,1,39.49,8.1
1209,868,30,1,28.56,5.6
1210,869,22,2,87.99,6.5
1211,870,51,1,131.33,0.5
1212,871,62,2,24.88,8.4
1213,872,18,1,63.6,3.5
1214,873,47,1,67.04,0.8
1215,874,5,1,32.23,0.8
1216,875,12,1,131.85,10.7
1217,876,34,1,78.34,0.0
1218,876,8,1,63.95,0.0
1219,877,65,1,28.59,7.6
1220,878,12,1,144.5,2.1
1221,879,37,2,108.1,0.0
1222,880,54,1,63.19,3.6
1223,880,4,1,116.58,0.0
1224,881,25,1,81.63,6.1
1225,882,22,1,87.56,6.9
1226,883,22,1,91.7,2.5
1227,884,53,1,106.53,8.5
1228,885,65,1,29.89,3.4
1229,886,58,1,39.62,7.8
1230,887,27,1,108.48,6.3
1231,888,64,2,47.22,6.2
1232,889,17,1,53.85,0.0
1233,890,39,3,47.41,13.8
1234,891,28,1,108.33,0.9
1235,892,62,1,25.94,4.4
1236,893,47,1,64.1,5.2
1237,894,16,2,111.71,7.2
1238,894,49,1,46.99,10.6
1239,895,32,1,87.12,4.3
1240,896,48,1,48.98,11.7
1241,896,39,1,50.97,7.3
1242,897,32,1,85.54,6.1
1243,897,36,1,38.39,8.3
1244,897,16,1,113.9,5.4
1245,898,11,2,101.87,0.0
1246,899,51,1,132.04,0.0
1247,899,60,1,66.95,6.1
1248,900,45,1,34.88,5.4
1249,901,32,1,88.38,2.9
1250,902,2,1,121.71,3.2
1251,903,36,2,40.41,3.5
1252,904,58,1,40.17,6.5
1253,905,27,1,115.72,0.0
1254,906,47,1,62.24,7.9
1255,907,31,1,90.03,5.6
1256,907,65,1,27.69,10.5
1257,908,52,1,49.65,11.8
1258,908,22,1,94.09,0.0
1259,909,16,1,110.73,8.1
1260,910,33,1,85.54,8.8
1261,911,66,1,42.24,1.7
1262,912,49,1,52.58,0.0
1263,912,42,1,96.09,5.3
1264,913,61,2,90.36,0.0
1265,913,24,1,53.5,9.6
1266,914,41,1,86.14,7.3
1267,914,42,1,101.51,0.0
1268,915,24,1,55.32,6.5
1269,915,8,1,62.91,1.6
1270,916,26,1,32.26,8.0
1271,917,24,1,49.05,17.1
1272,917,21,1,70.4,7.7
1273,918,19,1,29.36,10.9
1274,919,5,2,31.18,4.0
1275,920,7,2,102.7,0.0
1276,921,43,1,18.02,0.0
1277,922,26,1,33.0,5.9
1278,923,44,1,96.2,5.0
1279,924,27,1,108.05,6.6
1280,925,39,2,54.99,0.0
1281,926,43,1,16.46,8.7
1282,926,56,1,61.42,5.1
1283,927,17,1,51.17,5.0
1284,927,57,2,51.9,5.8
1285,928,19,1,31.25,5.2
1286,929,52,1,50.48,10.3
1287,929,39,1,51.22,6.9
1288,930,34,2,71.45,8.8
1289,931,53,1,112.19,3.7
1290,932,18,1,59.0,10.5
1291,932,50,2,34.22,6.0
1292,933,65,1,29.65,4.1
1293,934,3,1,30.18,9.4
1294,935,32,1,84.37,7.3
1295,935,65,1,28.58,7.6
1296,936,36,1,40.42,3.5
1297,937,33,1,92.48,1.4
1298,938,12,1,146.47,0.8
1299,938,21,2,69.15,9.4
1300,939,59,1,110.22,3.3
1301,939,63,1,22.09,3.2
1302,939,27,1,102.6,11.3
1303,940,66,1,35.41,17.6
1304,941,26,1,34.77,0.8
1305,941,55,1,32.04,2.7
1306,942,23,1,123.27,2.4
1307,943,64,1,49.92,0.8
1308,944,26,1,32.67,6.8
1309,945,30,1,29.88,1.2
1310,946,30,1,30.21,0.1
1311,946,2,1,120.61,4.1
1312,947,24,1,49.51,16.3
1313,948,40,1,90.53,0.0
1314,949,63,1,22.82,0.0
1315,949,19,2,32.3,2.0
1316,949,21,1,71.77,5.9
1317,950,26,1,33.33,4.9
1318,951,65,1,29.13,5.8
1319,952,46,1,32.13,15.5
1320,953,18,1,63.55,3.6
1321,953,66,1,38.61,10.2
1322,953,65,1,25.66,17.0
1323,954,66,1,41.16,4.2
1324,954,63,1,22.29,2.3
1325,955,15,1,38.1,0.0
1326,956,65,1,30.77,0.5
1327,957,65,1,28.35,8.4
1328,958,37,1,101.73,5.9
1329,959,62,1,27.15,0.0
1330,960,3,2,33.32,0.0
1331,961,41,1,91.14,1.9
1332,961,53,1,112.41,3.5
1333,962,9,1,63.38,11.5
1334,963,33,1,84.62,9.8
1335,963,59,1,106.46,6.6
1336,964,25,1,85.76,1.3
1337,965,14,1,58.37,6.3
1338,966,25,1,85.35,1.8
1339,967,41,1,92.93,0.0
1340,968,23,1,109.05,13.7
1341,969,50,1,35.71,1.9
1342,970,54,1,63.99,2.4
1343,971,31,1,94.3,1.1
1344,972,28,1,107.42,1.7
1345,973,35,1,20.88,1.3
1346,974,57,1,55.12,0.0
1347,974,61,1,90.36,0.0
1348,975,64,1,46.55,7.5
1349,976,23,1,119.3,5.6
1350,976,53,1,104.31,10.5
1351,977,34,1,72.6,7.3
1352,978,47,1,66.72,1.3
1353,979,33,2,93.0,0.9
1354,980,61,1,90.36,0.0
1355,981,60,2,71.19,0.1
1356,981,30,3,29.08,3.8
1357,982,10,1,119.54,0.0
1358,983,10,2,110.74,7.4
1359,983,2,1,110.57,12.1
1360,984,56,1,58.87,9.0
1361,985,6,1,64.45,7.3
1362,986,63,1,22.25,2.5
1363,986,44,1,96.16,5.1
1364,987,56,1,64.72,0.0
1365,988,6,1,63.94,8.0
1366,989,13,1,85.78,13.1
1367,989,2,1,122.57,2.5
1368,990,7,2,95.58,6.9
1369,991,12,1,136.16,7.8
1370,992,51,2,129.07,2.2
1371,992,19,1,27.68,16.0
1372,993,38,1,20.57,11.1
1373,993,59,1,114.03,0.0
1374,994,40,1,84.74,6.4
1375,994,10,1,100.18,16.2
1376,995,38,1,23.13,0.0
1377,996,52,1,52.15,7.4
1378,997,51,1,127.33,3.6
1379,997,2,1,107.13,14.8
1380,998,49,1,46.45,11.7
1381,998,1,1,92.49,13.2
1382,998,65,1,30.8,0.4
1383,999,36,1,39.61,5.4
1384,1000,22,2,84.9,9.8
1385,1000,53,1,104.66,10.2
1386,1001,27,1,99.94,13.6
1387,1002,38,1,23.13,0.0
1388,1003,65,1,29.45,4.8
1389,1003,16,1,105.75,12.2
1390,1004,44,1,97.66,3.6
1391,1005,42,1,88.78,12.5
1392,1006,31,1,81.46,14.6
1393,1006,34,1,73.25,6.5
1394,1007,51,1,125.91,4.6
1395,1008,60,1,63.75,10.5
1396,1008,2,1,121.65,3.3
1397,1009,49,1,52.5,0.1
1398,1010,31,1,95.34,0.0
1399,1010,49,1,51.31,2.4
1400,1011,64,1,49.01,2.6
1401,1012,15,1,33.04,13.3
1402,1012,56,3,58.42,9.7
1403,1012,12,1,136.19,7.8
1404,1013,42,2,100.75,0.7
1405,1013,50,3,31.84,12.5
1406,1013,53,1,116.49,0.0
1407,1014,25,1,83.04,4.4
1408,1014,9,2,63.55,11.3
1409,1015,50,3,32.31,11.2
1410,1016,35,1,21.17,0.0
1411,1017,57,1,54.23,1.6
1412,1017,1,1,100.68,5.5
1413,1018,33,1,85.7,8.6
1414,1019,42,1,97.18,4.3
1415,1020,29,1,73.22,0.0
1416,1021,41,1,92.93,0.0
1417,1022,3,1,29.82,10.5
1418,1022,32,2,83.26,8.6
1419,1022,35,2,19.31,8.8
1420,1023,23,1,118.38,6.3
1421,1023,59,1,110.43,3.2
1422,1024,52,1,55.49,1.4
1423,1025,64,1,43.97,12.6
1424,1026,6,2,66.52,4.3
1425,1027,10,1,111.57,6.7
1426,1027,54,1,59.36,9.5
1427,1028,54,1,65.58,0.0
1428,1029,48,1,55.44,0.0
1429,1030,29,1,73.22,0.0
1430,1031,3,1,29.73,10.8
1431,1032,59,1,106.47,6.6
1432,1033,10,2,112.32,6.0
1433,1034,16,1,120.44,0.0
1434,1035,10,3,119.54,0.0
1435,1035,29,1,70.71,3.4
1436,1036,28,1,105.5,3.5
1437,1036,50,2,34.85,4.2
1438,1037,48,2,55.44,0.0
1439,1037,10,1,106.57,10.9
1440,1038,64,1,50.33,0.0
1441,1039,7,1,94.61,7.9
1442,1040,63,1,20.43,10.5
1443,1041,25,2,71.55,17.6
1444,1042,12,3,133.33,9.7
1445,1043,19,1,29.55,10.3
1446,1044,18,1,62.2,5.6
1447,1045,27,1,113.68,1.8
1448,1046,57,1,54.99,0.2
1449,1046,56,1,62.16,4.0
1450,1046,15,1,34.46,9.5
1451,1047,9,1,65.03,9.2
1452,1047,1,1,98.14,7.8
1453,1048,1,1,100.92,5.2
1454,1049,22,1,87.44,7.1
1455,1049,25,1,86.89,0.0
1456,1050,45,1,35.18,4.6
1457,1051,10,1,114.43,4.3
1458,1052,11,1,91.01,10.7
1459,1052,10,1,105.27,11.9
1460,1053,47,1,63.42,6.2
1461,1054,11,1,83.79,17.8
1462,1055,8,1,63.95,0.0
1463,1056,7,2,90.2,12.2
1464,1056,39,1,51.97,5.5
1465,1057,51,1,126.47,4.2
1466,1057,31,1,87.88,7.8
1467,1058,66,3,40.83,5.0
1468,1058,53,1,115.7,0.7
1469,1059,33,1,91.23,2.8
1470,1059,13,1,83.72,15.2
1471,1060,39,1,49.8,9.4
1472,1060,12,1,136.05,7.9
1473,1061,4,1,103.82,10.9
1474,1061,16,1,114.94,4.6
1475,1062,15,2,35.54,6.7
1476,1062,53,1,111.06,4.7
1477,1063,27,1,99.05,14.4
1478,1063,16,1,118.43,1.7
1479,1064,37,1,105.59,2.3
1480,1065,27,2,102.21,11.7
1481,1065,51,1,119.63,9.4
1482,1065,40,1,90.53,0.0
1483,1066,6,1,58.28,16.2
1484,1067,17,1,52.94,1.7
1485,1068,31,2,93.22,2.2
1486,1068,8,1,60.05,6.1
1487,1069,49,1,49.97,5.0
1488,1069,38,1,20.89,9.7
1489,1069,26,1,31.91,9.0
1490,1070,14,1,52.24,16.2
1491,1071,20,1,46.88,0.0
1492,1072,42,1,91.25,10.1
1493,1073,39,2,53.72,2.3
1494,1073,42,2,99.35,2.1
1495,1073,59,1,109.93,3.6
1496,1074,44,1,90.97,10.2
1497,1075,2,2,116.5,7.3
1498,1076,31,1,87.56,8.2
1499,1076,12,1,123.73,16.2
1500,1077,61,1,79.83,11.7
1501,1078,52,1,50.21,10.8
1502,1079,58,1,39.6,7.8
1503,1079,61,2,87.24,3.5
1504,1080,3,2,29.3,12.1
1505,1080,51,1,124.56,5.7
1506,1080,57,2,54.2,1.7
1507,1081,16,2,110.54,8.2
1508,1082,3,1,30.55,8.3
1509,1083,14,2,56.31,9.6
1510,1084,9,1,71.64,0.0
1511,1084,39,1,50.96,7.3
1512,1085,56,1,58.88,9.0
1513,1086,57,2,55.12,0.0
1514,1087,14,2,53.32,14.4
1515,1087,34,1,70.36,10.2
1516,1088,24,1,48.8,17.5
1517,1088,39,1,54.99,0.0
1518,1089,40,1,90.53,0.0
1519,1090,10,1,114.47,4.2
1520,1091,51,1,127.49,3.4
1521,1092,65,1,28.94,6.4
1522,1093,28,2,99.15,9.3
1523,1093,47,2,61.57,8.9
1524,1094,26,1,33.83,3.5
1525,1095,34,1,69.0,11.9
1526,1095,44,2,97.93,3.3
1527,1096,4,2,102.95,11.7
1528,1096,2,1,112.95,10.2
1529,1097,34,1,75.17,4.0
1530,1098,59,1,114.03,0.0
1531,1099,33,1,80.34,14.4
1532,1100,42,1,101.39,0.1
1533,1101,23,1,108.49,14.1
1534,1102,20,3,42.43,9.5
1535,1102,58,1,39.46,8.2
1536,1103,26,1,31.96,8.8
1537,1104,8,2,60.5,5.4
1538,1105,42,2,97.08,4.4
1539,1106,34,1,75.48,3.6
1540,1106,29,1,70.32,4.0
1541,1107,19,1,32.34,1.9
1542,1108,60,1,69.16,3.0
1543,1109,53,1,116.49,0.0
1544,1110,7,1,96.67,5.9
1545,1111,2,1,113.82,9.5
1546,1112,37,1,103.83,3.9
1547,1113,66,1,39.25,8.7
1548,1113,58,1,38.94,9.4
1549,1114,60,1,68.2,4.3
1550,1115,55,2,31.49,4.4
1551,1115,59,2,94.34,17.3
1552,1116,61,1,90.36,0.0
1553,1116,57,1,55.12,0.0
1554,1117,35,1,19.77,6.6
1555,1118,32,1,86.27,5.3
1556,1119,3,1,29.78,10.6
1557,1119,12,1,136.81,7.4
1558,1120,27,1,108.3,6.4
1559,1121,27,1,108.06,6.6
1560,1121,14,1,60.8,2.4
1561,1122,14,1,60.93,2.2
1562,1123,7,1,97.51,5.1
1563,1124,19,1,29.84,9.5
1564,1125,49,1,48.99,6.8
1565,1126,10,1,113.0,5.5
1566,1127,43,1,16.78,6.9
1567,1127,13,1,94.53,4.2
1568,1128,62,1,25.21,7.1
1569,1129,33,1,91.6,2.4
1570,1130,5,1,31.67,2.5
1571,1131,66,1,42.98,0.0
1572,1132,44,1,101.26,0.0
1573,1133,38,1,22.28,3.7
1574,1133,16,1,112.43,6.7
1575,1134,58,1,41.61,3.2
1576,1135,37,1,100.25,7.3
1577,1136,53,2,111.54,4.3
1578,1136,5,1,31.96,1.6
1579,1136,13,1,94.92,3.8
1580,1137,56,1,57.47,11.2
1581,1137,28,2,100.21,8.3
1582,1137,30,1,28.14,6.9
1583,1138,30,1,27.73,8.3
1584,1138,61,1,85.1,5.8
1585,1139,13,1,92.18,6.6
1586,1139,20,3,46.9,0.0
1587,1140,28,1,96.85,11.4
1588,1141,17,1,52.15,3.1
1589,1142,20,2,39.9,14.9
1590,1143,48,1,52.0,6.2
1591,1143,66,1,37.72,12.2
1592,1144,4,1,100.15,14.1
1593,1144,23,1,122.34,3.1
1594,1145,52,1,56.29,0.0
1595,1145,58,1,40.01,6.9
1596,1146,8,1,58.86,8.0
1597,1146,42,1,100.53,1.0
1598,1147,23,1,104.2,17.5
1599,1147,14,1,57.95,7.0
1600,1148,39,2,53.73,2.3
1601,1148,31,2,89.15,6.5
1602,1149,38,1,23.13,0.0
1603,1150,40,1,90.53,0.0
1604,1151,49,1,52.58,0.0
1605,1152,64,2,45.65,9.3
1606,1153,15,1,32.67,14.3
1607,1153,56,1,59.55,8.0
1608,1154,65,1,28.06,9.3
1609,1154,17,1,48.82,9.3
1610,1155,37,1,105.66,2.3
1611,1155,17,1,46.82,13.0
1612,1155,8,1,56.86,11.1
1613,1156,9,1,68.41,4.5
1614,1157,36,1,41.88,0.0
1615,1157,59,1,113.07,0.8
1616,1158,44,1,97.31,3.9
1617,1159,31,1,94.63,0.7
1618,1159,20,1,44.26,5.6
1619,1160,37,2,102.0,5.6
1620,1161,8,2,63.13,1.3
1621,1162,8,1,59.45,7.0
1622,1163,61,1,83.78,7.3
1623,1163,11,1,93.65,8.1
1624,1164,49,1,50.08,4.8
1625,1165,55,1,29.96,9.0
1626,1166,66,2,38.49,10.4
1627,1166,45,1,36.89,0.0
1628,1167,15,1,36.71,3.6
1629,1168,9,1,65.87,8.0
1630,1169,64,1,50.33,0.0
1631,1170,42,1,96.21,5.2
1632,1171,44,1,97.28,4.0
1633,1172,28,2,104.69,4.2
1634,1172,57,1,54.0,2.0
1635,1173,38,1,20.16,12.8
1636,1174,23,1,119.68,5.3
1637,1174,7,1,82.7,19.5
1638,1175,54,1,60.78,7.3
1639,1175,50,1,35.38,2.8
1640,1176,35,1,21.1,0.3
1641,1176,62,2,22.87,15.8
1642,1177,43,1,16.59,7.9
1643,1178,24,1,52.28,11.6
1644,1178,63,2,22.22,2.6
1645,1178,10,1,114.76,4.0
1646,1179,8,1,58.73,8.2
1647,1180,16,1,114.91,4.6
1648,1181,29,1,73.22,0.0
1649,1182,5,1,28.63,11.9
1650,1183,3,1,29.09,12.7
1651,1184,34,1,75.83,3.2
1652,1185,56,1,64.27,0.7
1653,1185,41,1,89.14,4.1
1654,1186,57,1,51.75,6.1
1655,1187,44,2,92.84,8.3
1656,1188,24,1,53.78,9.1
1657,1188,17,1,47.1,12.5
1658,1188,57,1,50.69,8.0
1659,1189,59,2,111.83,1.9
1660,1190,19,2,32.96,0.0
1661,1190,14,1,56.18,9.8
1662,1191,6,1,67.71,2.6
1663,1191,61,2,79.37,12.2
1664,1192,31,1,91.76,3.8
1665,1193,42,1,100.3,1.2
1666,1193,57,1,47.26,14.3
1667,1194,32,1,86.24,5.3
1668,1194,26,1,30.31,13.5
1669,1195,25,1,86.89,0.0
1670,1196,46,1,35.19,7.4
1671,1197,5,2,27.75,14.6
1672,1198,28,1,96.82,11.4
1673,1198,56,1,58.91,9.0
1674,1199,14,1,58.41,6.2
1675,1200,39,2,53.76,2.2
1676,1201,26,1,34.36,2.0
1677,1201,11,1,91.41,10.3
1678,1202,62,1,25.21,7.1
1679,1202,34,1,68.61,12.4
1680,1203,52,1,47.28,16.0
1681,1203,16,1,120.44,0.0
1682,1204,14,1,60.81,2.4
1683,1205,51,1,128.79,2.5
1684,1205,54,1,63.72,2.8
1685,1206,24,1,59.1,0.1
1686,1207,53,1,113.7,2.4
1687,1208,8,1,60.42,5.5
1688,1209,19,1,31.5,4.4
1689,1210,46,1,31.89,16.1
1690,1211,30,1,28.0,7.4
1691,1212,49,1,52.58,0.0
1692,1213,59,1,105.5,7.5
1693,1214,29,1,67.68,7.6
1694,1214,51,1,119.04,9.8
1695,1215,44,1,101.29,0.0
1696,1216,57,1,53.8,2.4
1697,1217,30,1,26.31,13.0
1698,1218,15,2,36.96,3.0
1699,1219,14,1,59.54,4.4
1700,1219,59,1,108.26,5.1
1701,1220,5,1,30.42,6.4
1702,1221,41,1,88.72,4.5
1703,1222,22,1,89.82,4.5
1704,1222,30,1,27.45,9.2
1705,1223,12,1,131.12,11.2
1706,1223,39,1,49.95,9.2
1707,1223,34,1,73.44,6.3
1708,1224,30,1,30.24,0.0
1709,1225,14,1,54.12,13.1
1710,1226,53,1,105.03,9.8
1711,1226,10,1,104.74,12.4
1712,1226,43,2,17.66,2.0
1713,1227,43,1,16.79,6.9
1714,1227,6,1,58.86,15.3
1715,1228,37,1,103.5,4.3
1716,1229,18,1,65.9,0.0
1717,1230,61,1,89.97,0.4
1718,1231,55,1,32.16,2.4
1719,1231,26,1,30.55,12.8
1720,1232,61,1,89.62,0.8
1721,1233,60,1,68.45,4.0
1722,1233,64,1,46.51,7.6
1723,1233,52,1,52.6,6.5
1724,1234,66,1,38.38,10.7
1725,1235,1,2,92.86,12.8
1726,1236,38,1,21.47,7.2
1727,1237,57,1,49.67,9.9
1728,1237,60,1,66.18,7.1
1729,1238,21,1,73.53,3.6
1730,1238,48,1,48.04,13.4
1731,1239,31,1,89.48,6.1
1732,1240,52,1,55.1,2.1
1733,1241,64,1,50.33,0.0
1734,1242,42,1,95.66,5.8
1735,1242,20,1,46.9,0.0
1736,1243,22,2,90.95,3.3
1737,1244,12,1,135.7,8.1
1738,1244,60,1,70.87,0.6
1739,1245,34,2,67.53,13.8
1740,1245,42,1,91.22,10.1
1741,1246,44,1,101.29,0.0
1742,1246,47,1,67.6,0.0
1743,1247,47,1,66.73,1.3
1744,1247,16,1,111.55,7.4
1745,1248,25,1,82.19,5.4
1746,1248,16,1,99.41,17.5
1747,1249,4,1,103.59,11.1
1748,1250,45,1,34.69,6.0
1749,1250,56,1,60.02,7.3
1750,1251,49,1,46.22,12.1
1751,1252,6,2,61.93,10.9
1752,1253,58,1,42.1,2.0
1753,1254,23,1,108.39,14.2
1754,1255,62,1,24.76,8.8
1755,1256,27,1,104.61,9.6
1756,1256,32,1,85.33,6.3
1757,1257,6,1,69.53,0.0
1758,1258,21,1,67.27,11.8
1759,1258,26,1,32.76,6.5
1760,1259,20,2,46.9,0.0
1761,1259,43,1,15.64,13.2
1762,1259,62,1,27.15,0.0
1763,1260,44,1,92.92,8.3
1764,1261,41,1,90.88,2.2
1765,1262,34,1,76.76,2.0
1766,1263,38,1,21.53,6.9
1767,1264,13,1,82.6,16.3
1768,1265,35,1,20.46,3.4
1769,1266,19,1,28.34,14.0
1770,1266,44,2,92.93,8.3
1771,1266,52,1,51.81,8.0
1772,1267,43,1,16.87,6.4
1773,1268,66,1,42.39,1.4
1774,1268,19,1,31.35,4.9
1775,1269,6,1,59.26,14.8
1776,1270,13,1,85.39,13.5
1777,1271,15,2,36.29,4.8
1778,1271,4,1,110.45,5.3
1779,1272,64,1,48.22,4.2
1780,1273,54,1,58.36,11.0
1781,1273,31,1,88.15,7.5
1782,1274,43,1,17.7,1.8
1783,1274,17,1,50.41,6.4
1784,1275,38,1,22.37,3.3
1785,1276,33,1,84.04,10.4
1786,1277,65,1,28.48,7.9
1787,1277,37,1,106.81,1.2
1788,1277,46,1,38.01,0.0
1789,1278,43,1,17.9,0.7
1790,1279,21,2,60.48,20.7
1791,1279,39,1,52.96,3.7
1792,1280,13,2,98.72,0.0
1793,1280,36,1,40.25,3.9
1794,1281,45,1,35.71,3.2
1795,1282,32,1,87.11,4.3
1796,1283,13,1,94.28,4.5
1797,1283,28,1,104.54,4.3
1798,1284,64,1,44.27,12.0
1799,1285,5,1,30.21,7.0
1800,1286,25,3,75.5,13.1
1801,1287,8,2,60.8,4.9
1802,1287,53,1,115.22,1.1
1803,1288,45,1,36.89,0.0
1804,1288,47,3,57.43,15.0
1805,1289,4,1,98.46,15.5
1806,1290,45,1,35.53,3.7
1807,1291,26,1,34.76,0.8
1808,1292,18,1,64.41,2.3
1809,1292,5,2,32.04,1.4
1810,1293,20,1,42.25,9.9
1811,1293,10,1,118.36,1.0
1812,1294,43,3,18.02,0.0
1813,1295,9,2,65.25,8.9
1814,1296,60,2,67.04,5.9
1815,1297,7,2,87.06,15.2
1816,1298,28,1,100.75,7.8
1817,1298,65,1,27.69,10.5
1818,1298,13,2,86.37,12.5
1819,1299,20,1,44.01,6.2
1820,1300,42,1,100.52,1.0
1821,1301,64,1,49.28,2.1
1822,1301,56,1,58.08,10.3
1823,1302,16,1,103.04,14.4
1824,1302,24,1,53.54,9.5
1825,1302,25,1,83.38,4.0
1826,1303,17,1,46.37,13.9
1827,1304,30,1,28.25,6.6
1828,1305,30,1,28.89,4.4
1829,1306,44,1,101.29,0.0
1830,1307,25,1,71.93,17.2
1831,1307,33,2,81.17,13.5
1832,1308,28,1,106.72,2.4
1833,1309,37,1,108.1,0.0
1834,1310,15,1,34.14,10.4
1835,1311,27,1,114.57,1.0
1836,1312,56,2,57.06,11.8
1837,1313,57,1,54.13,1.8
1838,1313,33,1,82.65,11.9
1839,1314,24,1,53.82,9.0
1840,1315,2,1,106.4,15.4
1841,1315,58,1,42.97,0.0
1842,1316,19,1,31.2,5.3
1843,1317,53,2,106.76,8.4
1844,1318,3,2,32.98,1.0
1845,1319,45,1,34.41,6.7
1846,1320,42,1,94.83,6.6
1847,1321,20,1,41.57,11.4
1848,1321,44,1,101.29,0.0
1849,1322,17,1,51.74,3.9
1850,1323,7,1,95.86,6.7
1851,1324,43,1,16.84,6.5
1852,1325,8,1,58.35,8.8
1853,1326,47,2,61.8,8.6
1854,1327,8,1,54.98,14.0
1855,1327,29,1,69.22,5.5
1856,1327,43,1,15.93,11.6
1857,1328,7,1,97.3,5.3
1858,1328,8,3,60.27,5.8
1859,1329,12,1,142.76,3.3
1860,1330,22,1,89.31,5.1
1861,1331,5,1,29.01,10.7
1862,1331,22,1,82.77,12.0
1863,1332,32,1,81.17,10.9
1864,1333,46,1,37.73,0.7
1865,1334,36,1,41.88,0.0
1866,1334,59,1,112.97,0.9
1867,1334,28,1,104.51,4.4
1868,1335,21,2,74.14,2.8
1869,1336,39,1,54.99,0.0
1870,1336,44,1,90.76,10.4
1871,1337,19,3,29.87,9.4
1872,1338,64,1,50.1,0.5
1873,1339,24,2,58.23,1.6
1874,1340,9,1,61.42,14.3
1875,1341,51,1,125.78,4.7
1876,1342,19,2,27.91,15.3
1877,1342,22,1,92.37,1.8
1878,1342,31,1,81.77,14.2
1879,1343,23,2,124.05,1.8
1880,1344,51,1,132.04,0.0
1881,1345,43,1,15.96,11.5
1882,1346,6,1,60.45,13.1
1883,1346,58,1,42.06,2.1
1884,1346,1,1,106.5,0.0
1885,1347,13,1,96.05,2.7
1886,1348,17,1,44.26,17.8
1887,1348,2,1,116.92,7.0
1888,1349,31,1,87.27,8.5
1889,1350,13,1,84.52,14.4
1890,1351,26,2,31.84,9.2
1891,1352,12,3,136.92,7.3
1892,1352,10,1,108.04,9.6
1893,1352,48,1,45.48,18.0
1894,1353,47,1,64.31,4.9
1895,1354,64,1,44.67,11.2
1896,1354,38,2,21.92,5.2
1897,1355,59,1,110.22,3.3
1898,1356,48,1,53.67,3.2
1899,1357,1,1,103.87,2.5
1900,1358,48,2,55.44,0.0
1901,1359,33,1,84.73,9.7
1902,1360,43,1,16.65,7.6
1903,1361,23,1,121.43,3.9
1904,1362,54,2,65.58,0.0
1905,1362,13,1,92.54,6.3
1906,1363,50,1,33.94,6.7
1907,1363,52,1,54.52,3.1
1908,1364,23,1,115.86,8.3
1909,1364,46,2,35.45,6.7
1910,1365,25,1,79.62,8.4
1911,1365,50,1,31.54,13.3
1912,1366,23,1,117.97,6.6
1913,1367,55,1,32.94,0.0
1914,1367,13,2,87.21,11.7
1915,1368,59,1,114.0,0.0
1916,1369,35,1,21.17,0.0
1917,1370,38,2,21.75,6.0
1918,1370,17,1,48.16,10.6
1919,1371,21,3,65.13,14.6
1920,1371,51,1,128.04,3.0
1921,1372,9,1,61.18,14.6
1922,1373,1,1,100.57,5.6
1923,1373,25,1,74.28,14.5
1924,1374,54,1,57.67,12.1
1925,1375,12,3,135.4,8.3
1926,1375,29,1,69.78,4.7
1927,1376,60,1,71.27,0.0
1928,1377,28,1,109.29,0.0
1929,1378,9,1,62.72,12.5
1930,1379,34,1,78.34,0.0
1931,1380,63,2,20.75,9.0
1932,1380,15,1,35.31,7.3
1933,1381,51,2,126.79,4.0
1934,1382,60,1,71.27,0.0
1935,1383,55,1,31.29,5.0
1936,1384,1,1,96.71,9.2
1937,1384,10,1,108.6,9.2
1938,1384,6,1,62.7,9.8
1939,1385,41,1,92.93,0.0
1940,1386,53,3,112.37,3.5
1941,1386,15,3,36.3,4.7
1942,1387,29,1,73.22,0.0
1943,1388,35,1,20.09,5.1
1944,1389,30,1,29.42,2.7
1945,1390,35,2,21.17,0.0
1946,1390,6,1,68.43,1.6
1947,1391,2,1,98.31,21.8
1948,1391,66,1,41.29,3.9
1949,1392,23,1,114.79,9.1
1950,1393,26,1,34.33,2.0
1951,1394,24,2,53.35,9.8
1952,1394,25,1,70.21,19.2
1953,1395,49,3,46.49,11.6
1954,1396,63,1,21.26,6.8
1955,1396,29,2,65.58,10.4
1956,1397,23,1,116.94,7.4
1957,1397,56,1,64.58,0.2
1958,1398,34,2,73.26,6.5
1959,1399,2,1,125.74,0.0
1960,1399,59,1,113.13,0.8
1961,1400,14,1,61.93,0.6
1962,1401,40,1,81.11,10.4
1963,1402,47,1,65.26,3.5
1964,1403,47,1,62.98,6.8
1965,1403,6,1,66.81,3.9
1966,1404,31,1,88.55,7.1
1967,1404,26,1,34.11,2.7
1968,1405,13,1,91.23,7.6
1969,1405,36,1,41.88,0.0
1970,1406,10,1,103.14,13.7
1971,1407,23,1,102.65,18.7
1972,1408,3,3,30.64,8.0
1973,1409,50,3,35.52,2.4
1974,1410,58,1,39.1,9.0
1975,1411,56,1,60.08,7.2
1976,1411,17,1,48.44,10.0
1977,1412,46,1,36.6,3.7
1978,1413,33,1,83.3,11.2
1979,1414,49,2,45.35,13.8
1980,1415,61,1,82.1,9.1
1981,1415,26,1,32.18,8.2
1982,1416,33,1,90.88,3.1
1983,1417,52,1,52.98,5.9
1984,1418,37,1,100.07,7.4
1985,1418,19,2,30.46,7.6
1986,1419,60,1,69.98,1.8
1987,1419,40,1,82.67,8.7
1988,1420,16,1,113.97,5.4
1989,1420,45,1,36.22,1.8
1990,1421,18,1,63.74,3.3
1991,1422,6,1,68.62,1.3
1992,1422,53,1,105.16,9.7
1993,1422,9,1,62.55,12.7
1994,1423,29,2,73.22,0.0
1995,1423,61,1,81.21,10.1
1996,1424,62,3,26.53,2.3
1997,1424,6,1,63.43,8.8
1998,1425,20,2,39.37,16.1
1999,1426,48,1,54.69,1.3
2000,1426,36,1,39.58,5.5
2001,1427,5,1,26.28,19.1
2002,1427,43,2,17.29,4.1
2003,1428,41,1,89.3,3.9
2004,1429,11,1,100.45,1.4
2005,1429,53,1,116.49,0.0
2006,1430,66,1,36.64,14.8
2007,1431,15,1,31.42,17.5
2008,1432,20,1,42.77,8.8
2009,1432,55,1,30.78,6.6
2010,1433,14,2,58.67,5.8
2011,1433,65,1,28.38,8.2
2012,1433,47,2,66.22,2.0
2013,1434,62,1,23.4,13.8
2014,1435,30,1,29.65,2.0
2015,1436,31,2,90.33,5.3
2016,1437,19,2,30.5,7.5
2017,1438,50,1,34.88,4.1
2018,1439,11,1,91.58,10.1
2019,1439,14,1,57.65,7.5
2020,1440,5,1,27.25,16.1
2021,1441,50,1,34.5,5.2
2022,1442,43,1,17.1,5.1
2023,1442,14,3,61.67,1.0
2024,1443,50,1,33.19,8.8
2025,1444,7,1,88.73,13.6
2026,1444,62,1,24.25,10.7
2027,1445,9,1,59.93,16.3
2028,1446,59,1,113.49,0.5
2029,1447,49,1,52.1,0.9
2030,1447,65,1,26.52,14.2
2031,1448,7,1,90.53,11.8
2032,1449,23,1,124.77,1.2
2033,1450,10,1,109.22,8.6
2034,1450,31,1,92.21,3.3
2035,1450,41,1,82.62,11.1
2036,1451,64,1,49.87,0.9
2037,1452,46,1,34.67,8.8
2038,1452,1,1,97.14,8.8
2039,1452,10,2,100.74,15.7
2040,1453,51,1,132.04,0.0
2041,1454,37,1,95.57,11.6
2042,1454,16,2,101.63,15.6
2043,1455,58,1,38.01,11.5
2044,1455,59,2,114.03,0.0
2045,1455,8,1,57.17,10.6
2046,1456,47,1,65.49,3.1
2047,1457,35,1,19.36,8.6
2048,1458,28,1,95.97,12.2
2049,1459,36,1,39.32,6.1
2050,1460,45,1,36.89,0.0
2051,1460,65,2,29.42,4.9
2052,1461,26,1,31.4,10.4
2053,1461,7,1,89.6,12.8
2054,1462,22,1,87.31,7.2
2055,1463,22,1,84.05,10.7
2056,1464,52,1,49.76,11.6
2057,1465,33,1,93.81,0.0
2058,1466,6,1,60.5,13.0
2059,1466,63,1,21.49,5.8
2060,1467,52,1,55.54,1.3
2061,1468,30,1,26.34,12.9
2062,1469,40,1,86.53,4.4
2063,1470,12,1,139.74,5.4
2064,1470,15,1,34.07,10.6
2065,1471,53,1,116.48,0.0
2066,1472,28,3,108.78,0.5
2067,1473,50,1,33.96,6.7
2068,1474,39,2,53.6,2.5
2069,1474,47,1,61.56,8.9
2070,1475,17,1,49.53,8.0
2071,1475,54,1,65.58,0.0
2072,1476,18,1,58.12,11.8
2073,1477,8,1,63.48,0.7
2074,1478,47,1,59.2,12.4
2075,1479,17,1,47.81,11.2
2076,1480,59,1,107.27,5.9
2077,1481,57,2,49.47,10.2
2078,1482,7,1,98.13,4.4
2079,1482,41,1,85.69,7.8
2080,1483,47,2,61.82,8.5
2081,1484,41,2,91.32,1.7
2082,1485,39,2,50.57,8.0
2083,1486,64,1,44.59,11.4
2084,1486,53,1,102.7,11.8
2085,1487,28,1,109.29,0.0
2086,1488,4,1,107.44,7.8
2087,1489,22,1,85.62,9.0
2088,1490,5,1,27.12,16.5
2089,1490,19,1,29.31,11.1
2090,1491,11,1,91.03,10.6
2091,1491,16,1,98.66,18.1
2092,1492,5,1,32.48,0.0
2093,1492,14,1,53.33,14.4
2094,1493,13,2,81.71,17.2
2095,1494,17,2,51.81,3.8
2096,1494,36,1,39.87,4.8
2097,1495,43,1,14.78,18.0
2098,1495,42,1,100.16,1.3
2099,1495,48,1,45.8,17.4
2100,1496,23,1,122.65,2.9
2101,1497,60,1,66.27,7.0
2102,1497,11,1,97.75,4.0
2103,1498,30,1,29.77,1.6
2104,1499,15,1,33.22,12.8
2105,1500,36,1,39.49,5.7
2106,1501,28,1,97.35,10.9
2107,1502,66,1,37.47,12.8
2108,1502,35,1,20.99,0.9
2109,1503,36,1,40.06,4.3
2110,1504,63,1,22.37,2.0
2111,1505,15,1,35.16,7.7
2112,1506,22,1,88.85,5.6
2113,1506,7,2,102.7,0.0
2114,1507,66,1,38.29,10.9
2115,1508,1,1,98.37,7.6
2116,1509,63,1,22.32,2.2
2117,1509,19,2,30.95,6.1
2118,1509,40,1,80.1,11.5
2119,1510,32,1,83.28,8.5
2120,1510,27,1,111.83,3.4
2121,1511,26,1,32.11,8.4
2122,1512,39,1,50.02,9.0
2123,1513,54,1,63.57,3.1
2124,1513,26,1,28.81,17.8
2125,1514,64,1,48.58,3.5
2126,1514,62,1,25.11,7.5
2127,1514,17,1,46.73,13.2
2128,1515,39,1,52.24,5.0
2129,1515,29,1,68.66,6.2
2130,1516,35,1,18.67,11.8
2131,1517,59,1,98.3,13.8
2132,1518,34,1,77.19,1.5
2133,1519,27,1,93.94,18.8
2134,1520,39,2,52.66,4.2
2135,1521,7,1,98.04,4.5
2136,1522,23,1,111.43,11.8
2137,1522,57,1,48.34,12.3
2138,1522,18,1,56.31,14.6
2139,1523,57,1,49.97,9.3
2140,1524,43,1,17.89,0.7
2141,1524,12,1,145.41,1.5
2142,1524,8,1,59.05,7.7
2143,1525,42,1,101.51,0.0
2144,1526,60,1,65.76,7.7
2145,1527,39,1,53.92,1.9
2146,1528,34,2,71.16,9.2
2147,1529,36,1,41.08,1.9
2148,1530,51,1,124.33,5.8
2149,1531,2,1,118.84,5.5
2150,1532,46,1,34.62,8.9
2151,1533,37,1,101.67,5.9
2152,1534,9,1,67.86,5.3
2153,1535,40,1,86.15,4.8
2154,1536,19,1,30.48,7.5
2155,1536,32,1,83.5,8.3
2156,1537,60,1,71.27,0.0
2157,1538,9,1,62.42,12.9
2158,1539,32,1,86.85,4.6
2159,1540,46,1,35.91,5.5
2160,1541,26,1,31.92,8.9
2161,1542,38,1,22.26,3.8
2162,1543,40,1,90.53,0.0
2163,1544,54,1,61.21,6.7
2164,1545,18,1,59.76,9.3
2165,1545,9,2,58.96,17.7
2166,1546,30,2,27.53,9.0
2167,1546,22,1,89.48,4.9
2168,1547,5,1,30.76,5.3
2169,1548,25,1,79.11,9.0
2170,1548,4,2,111.85,4.1
2171,1549,46,1,33.53,11.8
2172,1550,66,1,40.73,5.2
2173,1551,12,1,122.01,17.4
2174,1551,10,3,105.38,11.8
2175,1552,40,1,90.53,0.0
2176,1553,46,1,36.09,5.1
2177,1554,65,1,27.03,12.6
2178,1555,46,1,34.94,8.1
2179,1556,15,1,38.1,0.0
2180,1557,15,1,32.92,13.6
2181,1557,8,1,61.78,3.4
2182,1558,6,2,61.2,12.0
2183,1558,41,2,85.38,8.1
2184,1559,37,2,104.89,3.0
2185,1560,26,1,34.31,2.1
2186,1560,21,2,69.37,9.1
2187,1561,20,1,37.33,20.4
2188,1562,62,1,23.53,13.3
2189,1563,64,1,50.33,0.0
2190,1563,33,2,86.5,7.8
2191,1563,18,2,57.09,13.4
2192,1564,58,1,40.99,4.6
2193,1565,14,1,54.91,11.9
2194,1565,36,1,39.04,6.8
2195,1566,12,1,131.07,11.2
2196,1567,35,2,19.01,10.2
2197,1568,7,1,91.6,10.8
2198,1569,11,3,94.9,6.8
2199,1569,42,1,91.27,10.1
2200,1570,32,1,86.44,5.1
2201,1570,61,1,77.99,13.7
2202,1571,29,1,65.05,11.2
2203,1572,4,1,113.53,2.6
2204,1573,63,2,22.28,2.4
2205,1574,32,1,85.67,5.9
2206,1575,33,1,89.82,4.3
2207,1576,10,1,103.31,13.6
2208,1577,32,1,91.06,0.0
2209,1577,56,1,56.56,12.6
2210,1578,12,1,118.02,20.1
2211,1578,33,1,85.96,8.4
2212,1579,48,1,49.75,10.3
2213,1580,50,1,34.57,5.0
2214,1580,45,2,32.88,10.9
2215,1580,59,1,111.21,2.5
2216,1581,46,1,35.47,6.7
2217,1581,58,1,41.8,2.7
2218,1582,31,3,89.08,6.6
2219,1582,51,1,113.74,13.9
2220,1583,60,1,67.32,5.5
2221,1583,65,2,29.1,5.9
2222,1584,7,1,91.2,11.2
2223,1585,27,1,113.3,2.1
2224,1586,8,1,60.81,4.9
2225,1587,51,1,125.66,4.8
2226,1588,11,1,94.91,6.8
2227,1589,26,2,30.36,13.4
2228,1590,22,1,84.67,10.0
2229,1590,37,1,100.67,6.9
2230,1591,44,1,86.66,14.4
2231,1592,61,1,81.3,10.0
2232,1593,35,1,19.38,8.5
2233,1593,64,1,45.44,9.7
2234,1594,35,1,18.81,11.2
2235,1595,49,1,52.4,0.3
2236,1595,39,1,51.81,5.8
2237,1596,64,1,46.97,6.7
2238,1596,51,1,126.62,4.1
2239,1596,13,1,89.3,9.5
2240,1597,2,1,124.54,1.0
2241,1597,62,1,24.91,8.3
2242,1598,49,2,50.7,3.6
2243,1598,20,1,41.27,12.0
2244,1599,57,1,51.98,5.7
2245,1600,4,1,104.92,10.0
2246,1601,36,1,41.62,0.6
2247,1601,31,1,89.52,6.1
2248,1602,33,1,86.9,7.4
2249,1602,13,1,95.5,3.3
2250,1603,1,1,93.57,12.1
2251,1604,22,1,88.09,6.4
2252,1604,34,1,66.95,14.5
2253,1605,8,1,55.38,13.4
2254,1605,31,1,95.34,0.0
2255,1606,28,1,103.34,5.4
2256,1607,26,1,30.36,13.4
2257,1607,51,1,127.44,3.5
2258,1608,12,1,130.97,11.3
2259,1608,6,1,64.16,7.7
2260,1609,41,1,84.41,9.2
2261,1609,29,1,66.81,8.8
2262,1610,19,1,32.83,0.4
2263,1610,27,1,110.17,4.8
2264,1611,41,1,76.71,17.5
2265,1612,64,1,46.74,7.1
2266,1612,25,1,75.92,12.6
2267,1612,5,1,29.01,10.7
2268,1613,53,2,103.12,11.5
2269,1614,10,1,102.99,13.8
2270,1615,6,1,66.04,5.0
2271,1615,40,1,88.79,1.9
2272,1616,17,1,47.31,12.1
2273,1617,32,2,82.99,8.9
2274,1618,46,1,34.7,8.7
2275,1619,2,2,116.32,7.5
2276,1620,64,1,46.64,7.3
2277,1621,31,1,82.89,13.1
2278,1622,15,1,35.35,7.2
2279,1623,61,1,77.92,13.8
2280,1624,59,1,114.03,0.0
2281,1625,24,2,51.61,12.8
2282,1626,12,1,147.12,0.4
2283,1626,1,1,94.43,11.3
2284,1627,9,1,63.93,10.8
2285,1628,43,1,16.53,8.3
2286,1628,17,1,45.01,16.4
2287,1629,40,1,82.68,8.7
2288,1629,11,1,89.18,12.5
2289,1630,43,1,16.24,9.9
2290,1631,10,1,100.57,15.9
2291,1631,39,1,48.63,11.6
2292,1632,24,1,47.52,19.7
2293,1633,60,1,65.22,8.5
2294,1634,11,1,88.18,13.4
2295,1634,27,1,112.86,2.5
2296,1634,16,1,120.44,0.0
2297,1635,40,2,85.88,5.1
2298,1636,5,1,28.3,12.9
2299,1637,43,1,17.3,4.0
2300,1638,63,1,21.25,6.9
2301,1639,2,1,116.44,7.4
2302,1640,60,1,71.27,0.0
2303,1640,13,1,88.72,10.1
2304,1641,65,1,28.32,8.4
2305,1642,52,1,51.66,8.2
2306,1642,58,1,42.25,1.7
2307,1643,48,1,55.44,0.0
2308,1643,7,1,83.14,19.1
2309,1644,33,2,83.79,10.7
2310,1645,47,1,58.79,13.0
2311,1645,60,1,69.02,3.2
2312,1646,22,2,93.63,0.5
2313,1647,50,1,32.92,9.5
2314,1648,32,1,84.71,7.0
2315,1649,9,1,64.58,9.9
2316,1650,65,1,28.83,6.8
2317,1651,1,1,92.13,13.5
2318,1652,41,1,92.93,0.0
2319,1652,6,1,63.56,8.6
2320,1653,56,1,64.72,0.0
2321,1654,55,2,31.89,3.2
2322,1655,7,1,100.36,2.3
2323,1656,52,1,52.33,7.0
2324,1657,43,1,16.18,10.2
2325,1658,7,2,98.97,3.6
2326,1658,49,1,52.1,0.9
2327,1659,5,1,32.48,0.0
2328,1660,30,1,26.49,12.4
2329,1661,51,3,123.65,6.4
2330,1662,14,1,59.23,4.9
2331,1663,27,1,113.44,2.0
2332,1663,50,1,34.52,5.1
2333,1664,29,1,73.22,0.0
2334,1664,32,1,85.41,6.2
2335,1665,3,1,32.07,3.8
2336,1666,56,1,64.72,0.0
2337,1667,29,1,71.09,2.9
2338,1668,52,1,54.39,3.4
2339,1668,29,1,65.25,10.9
2340,1668,20,1,44.88,4.3
2341,1669,5,2,27.1,16.6
2342,1670,64,1,46.34,7.9
2343,1671,6,1,55.81,19.7
2344,1672,61,1,89.27,1.2
2345,1672,5,1,28.37,12.7
2346,1673,53,1,107.45,7.8
2347,1674,2,2,115.23,8.4
2348,1675,56,1,63.94,1.2
2349,1676,5,1,29.25,9.9
2350,1677,57,1,48.79,11.5
2351,1678,20,2,39.96,14.8
2352,1678,40,1,84.16,7.0
2353,1679,30,1,30.24,0.0
2354,1679,45,1,32.47,12.0
2355,1680,49,1,51.12,2.8
2356,1681,40,1,89.53,1.1
2357,1682,13,1,97.6,1.1
2358,1682,9,1,63.21,11.8
2359,1683,55,1,32.94,0.0
2360,1684,45,1,34.28,7.1
2361,1684,10,1,108.6,9.2
2362,1685,33,1,88.81,5.3
2363,1686,47,1,67.6,0.0
2364,1687,47,1,65.46,3.2
2365,1687,42,2,101.51,0.0
2366,1687,1,1,93.97,11.8
2367,1688,49,1,51.35,2.3
2368,1689,3,1,30.42,8.7
2369,1690,34,1,76.41,2.5
2370,1690,7,3,92.02,10.4
2371,1691,27,1,115.72,0.0
2372,1692,4,1,111.79,4.1
2373,1693,18,1,55.28,16.1
2374,1694,32,1,80.48,11.6
2375,1694,22,1,81.94,12.9
2376,1695,22,2,92.95,1.2
2377,1695,5,1,27.34,15.8
2378,1696,47,1,62.03,8.2
2379,1696,2,1,110.67,12.0
2380,1697,53,1,114.32,1.9
2381,1698,26,1,32.19,8.2
2382,1699,30,1,27.8,8.1
2383,1700,45,1,36.07,2.2
2384,1701,63,1,20.55,9.9
2385,1702,28,1,101.67,7.0
2386,1703,47,1,57.99,14.2
2387,1703,60,2,62.92,11.7
2388,1704,13,1,85.49,13.4
2389,1704,58,1,42.56,1.0
2390,1705,35,1,18.05,14.7
2391,1705,23,1,117.07,7.3
2392,1706,49,1,52.54,0.1
2393,1706,8,1,60.52,5.4
2394,1707,20,1,42.99,8.3
2395,1707,21,1,68.54,10.2
2396,1708,43,1,16.93,6.0
2397,1709,11,1,89.31,12.3
2398,1709,64,1,46.91,6.8
2399,1710,19,1,32.78,0.6
2400,1711,36,1,40.71,2.8
2401,1712,39,1,47.25,14.1
2402,1712,4,1,109.05,6.5
2403,1712,15,1,37.33,2.0
2404,1713,58,1,42.97,0.0
2405,1714,24,1,49.11,17.0
2406,1714,42,1,94.81,6.6
2407,1715,57,1,45.83,16.8
2408,1716,38,1,22.34,3.4
2409,1717,42,1,90.76,10.6
2410,1718,42,1,93.14,8.2
2411,1719,31,1,83.77,12.1
2412,1720,2,1,108.65,13.6
2413,1721,14,1,50.69,18.6
2414,1722,9,2,71.64,0.0
2415,1723,15,1,34.59,9.2
2416,1724,11,1,88.06,13.6
2417,1724,21,1,63.18,17.2
2418,1725,51,1,124.79,5.5
2419,1726,44,1,88.85,12.3
2420,1727,44,1,99.67,1.6
2421,1727,7,1,92.61,9.8
2422,1728,29,1,67.23,8.2
2423,1728,40,2,85.57,5.5
2424,1729,8,1,54.8,14.3
2425,1730,36,1,41.23,1.6
2426,1730,41,1,81.86,11.9
2427,1730,52,1,56.29,0.0
2428,1731,43,1,18.02,0.0
2429,1731,57,1,53.84,2.3
2430,1732,13,1,91.83,7.0
2431,1733,34,2,74.58,4.8
2432,1733,62,1,24.85,8.5
2433,1734,13,1,87.04,11.8
2434,1735,62,1,25.11,7.5
2435,1736,30,1,27.22,10.0
2436,1737,34,1,73.48,6.2
2437,1738,9,2,61.95,13.5
2438,1739,31,1,90.12,5.5
2439,1740,32,1,84.18,7.6
2440,1741,43,1,17.15,4.8
2441,1742,63,1,20.41,10.6
2442,1743,51,1,128.12,3.0
2443,1744,45,1,33.28,9.8
2444,1744,34,1,67.56,13.8
2445,1745,37,1,102.65,5.0
2446,1745,50,1,32.41,10.9
2447,1746,12,1,123.75,16.2
2448,1746,7,1,100.86,1.8
2449,1747,14,1,56.84,8.8
2450,1747,24,1,56.18,5.0
2451,1748,18,1,56.87,13.7
2452,1749,43,1,14.99,16.8
2453,1750,61,1,90.36,0.0
2454,1751,66,1,39.61,7.8
2455,1752,15,1,32.24,15.4
2456,1752,56,1,64.72,0.0
2457,1752,19,1,30.02,8.9
2458,1753,6,1,61.53,11.5
2459,1753,28,1,96.84,11.4
2460,1754,7,1,99.47,3.1
2461,1755,16,1,115.75,3.9
2462,1756,33,1,93.81,0.0
2463,1756,31,3,88.23,7.5
2464,1757,60,2,63.7,10.6
2465,1757,2,1,109.51,12.9
2466,1758,56,1,58.59,9.5
2467,1759,46,1,34.01,10.5
2468,1760,41,1,84.69,8.9
2469,1761,18,1,63.84,3.1
2470,1762,46,2,36.25,4.6
2471,1763,29,1,63.58,13.2
2472,1763,11,2,89.17,12.5
2473,1764,57,1,49.61,10.0
2474,1765,29,1,70.01,4.4
2475,1765,6,2,59.93,13.8
2476,1766,63,1,22.44,1.7
2477,1766,65,1,30.93,0.0
2478,1767,15,1,33.82,11.2
2479,1768,63,1,22.74,0.3
2480,1769,52,1,54.9,2.5
2481,1770,35,1,19.84,6.3
2482,1771,6,1,64.13,7.8
2483,1772,52,2,56.04,0.4
2484,1773,32,1,87.45,4.0
2485,1774,36,1,38.91,7.1
2486,1774,51,1,117.14,11.3
2487,1775,64,1,45.61,9.4
2488,1776,12,1,122.09,17.3
2489,1777,61,1,79.61,11.9
2490,1777,33,1,88.54,5.6
2491,1777,13,1,88.61,10.2
2492,1778,39,1,50.49,8.2
2493,1779,40,1,85.22,5.9
2494,1780,57,1,52.54,4.7
2495,1781,45,1,34.22,7.2
2496,1782,46,1,35.17,7.5
2497,1783,49,1,50.27,4.4
2498,1783,47,1,61.82,8.6
2499,1784,59,1,104.01,8.8
2500,1785,28,1,95.3,12.8
2501,1786,1,1,94.36,11.4
2502,1787,37,1,108.1,0.0
2503,1788,45,1,35.1,4.8
2504,1789,49,2,49.12,6.6
2505,1790,43,2,16.35,9.3
2506,1790,26,1,30.06,14.2
2507,1791,17,2,48.29,10.3
2508,1792,31,2,83.01,12.9
2509,1792,18,1,60.3,8.5
2510,1793,43,1,17.03,5.5
2511,1793,54,1,62.1,5.3
2512,1793,15,1,29.79,21.8
2513,1794,57,1,54.53,1.1
2514,1794,2,2,103.05,18.0
2515,1795,33,2,81.18,13.5
2516,1796,12,1,118.74,19.6
2517,1796,4,1,105.93,9.1
2518,1797,4,1,112.49,3.5
2519,1798,36,1,38.36,8.4
2520,1799,58,1,41.91,2.5
2521,1799,47,1,67.55,0.1
2522,1800,36,1,35.54,15.1
2523,1801,13,1,80.5,18.5
2524,1802,50,2,36.39,0.0
2525,1803,40,1,80.87,10.7
2526,1804,45,1,32.36,12.3
2527,1805,62,3,26.65,1.8
2528,1806,61,1,80.22,11.2
2529,1806,7,1,88.42,13.9
2530,1807,32,1,82.67,9.2
2531,1807,65,1,27.66,10.6
2532,1807,22,2,79.43,15.6
2533,1808,55,2,32.94,0.0
2534,1808,45,1,35.88,2.7
2535,1809,47,1,62.75,7.2
2536,1809,60,1,66.47,6.7
2537,1810,23,1,109.81,13.1
2538,1811,1,1,102.97,3.3
2539,1811,7,1,102.19,0.5
2540,1812,17,1,48.04,10.8
2541,1813,17,1,48.97,9.1
2542,1814,61,2,76.22,15.7
2543,1815,1,1,100.26,5.9
2544,1816,22,1,92.14,2.1
2545,1816,16,1,110.21,8.5
2546,1817,20,2,38.36,18.2
2547,1818,55,1,30.91,6.2
2548,1818,52,1,54.69,2.8
2549,1819,17,3,46.29,14.0
2550,1819,32,1,79.27,12.9
2551,1819,56,1,63.5,1.9
2552,1820,25,1,82.49,5.1
2553,1821,13,1,86.74,12.1
2554,1822,3,2,29.65,11.0
2555,1822,12,1,132.82,10.1
2556,1822,54,1,61.86,5.7
2557,1823,27,1,101.52,12.3
2558,1824,3,1,28.96,13.1
2559,1824,8,1,57.52,10.1
2560,1825,47,1,63.48,6.1
2561,1826,53,1,105.63,9.3
2562,1827,66,1,39.69,7.7
2563,1828,49,1,52.03,1.0
2564,1828,58,1,40.81,5.0
2565,1829,55,1,32.33,1.9
2566,1830,23,1,105.75,16.3
2567,1830,48,1,49.52,10.7
2568,1831,35,1,19.64,7.2
2569,1831,41,1,91.21,1.8
2570,1832,65,1,30.04,2.9
2571,1833,4,1,106.11,9.0
2572,1834,18,1,53.89,18.2
2573,1835,33,1,89.49,4.6
2574,1836,15,1,35.26,7.5
2575,1836,53,1,99.08,14.9
2576,1837,35,1,19.13,9.6
2577,1838,35,1,20.05,5.3
2578,1838,33,2,89.79,4.3
2579,1839,57,1,47.19,14.4
2580,1840,53,1,96.39,17.3
2581,1841,39,1,47.89,12.9
2582,1842,47,1,62.3,7.8
2583,1843,63,2,22.57,1.1
2584,1844,64,1,50.12,0.4
2585,1845,21,1,68.81,9.8
2586,1846,22,1,89.09,5.3
2587,1847,9,1,64.43,10.1
2588,1847,34,1,70.28,10.3
2589,1848,8,1,59.68,6.7
2590,1848,29,1,61.69,15.7
2591,1848,40,1,83.08,8.2
2592,1849,40,1,90.53,0.0
2593,1850,31,2,80.18,15.9
2594,1851,10,1,104.22,12.8
2595,1851,23,1,109.86,13.0
2596,1852,16,1,100.24,16.8
2597,1853,13,1,93.58,5.2
2598,1854,35,3,17.24,18.5
2599,1854,30,1,30.24,0.0
2600,1855,59,1,106.07,7.0
2601,1856,50,1,34.95,3.9
2602,1856,37,1,98.62,8.8
2603,1857,37,1,95.82,11.4
2604,1857,43,1,16.78,6.9
2605,1858,44,1,95.42,5.8
2606,1858,31,1,87.48,8.2
2607,1858,28,1,96.76,11.5
2608,1859,59,1,112.6,1.3
2609,1860,17,1,49.48,8.1
2610,1861,57,1,50.09,9.1
2611,1862,66,1,41.71,3.0
2612,1863,18,1,57.71,12.4
2613,1864,57,2,51.03,7.4
2614,1865,3,1,29.15,12.5
2615,1865,28,1,103.7,5.1
2616,1866,2,1,120.37,4.3
2617,1867,33,1,93.81,0.0
2618,1867,29,1,61.46,16.1
2619,1868,5,1,25.21,22.4
2620,1868,28,1,104.43,4.4
2621,1868,38,1,20.83,9.9
2622,1869,6,1,62.84,9.6
2623,1870,21,1,66.75,12.5
2624,1871,38,1,22.0,4.9
2625,1872,6,1,67.12,3.5
2626,1873,12,1,127.23,13.8
2627,1873,18,2,60.96,7.5
2628,1874,6,1,57.97,16.6
2629,1875,61,1,79.74,11.8
2630,1875,63,1,21.68,5.0
2631,1876,33,1,82.29,12.3
2632,1877,37,1,93.93,13.1
2633,1877,3,1,31.7,4.9
2634,1878,41,1,92.15,0.8
2635,1879,2,1,122.43,2.6
2636,1879,15,1,30.79,19.2
2637,1880,50,1,33.8,7.1
2638,1881,42,1,92.27,9.1
2639,1881,64,1,45.46,9.7
2640,1882,62,1,23.94,11.8
2641,1883,5,1,30.61,5.8
2642,1884,44,1,99.1,2.2
2643,1885,62,2,25.49,6.1
2644,1886,22,1,79.69,15.3
2645,1887,22,1,75.65,19.6
2646,1888,66,1,42.95,0.1
2647,1889,29,2,65.28,10.8
2648,1889,66,1,42.0,2.3
2649,1889,47,1,66.0,2.4
2650,1890,50,1,33.55,7.8
2651,1891,29,1,73.22,0.0
2652,1892,28,1,97.14,11.1
2653,1893,30,2,26.51,12.3
2654,1894,33,1,89.19,4.9
2655,1895,36,1,38.96,7.0
2656,1896,9,1,65.96,7.9
2657,1896,31,1,95.34,0.0
2658,1897,26,1,29.35,16.3
2659,1898,36,1,40.4,3.5
2660,1898,8,1,63.95,0.0
2661,1899,66,1,37.75,12.2
2662,1899,59,1,104.92,8.0
2663,1900,29,1,68.02,7.1
2664,1900,3,1,29.23,12.3
2665,1900,46,1,34.86,8.3
2666,1901,32,1,90.0,1.2
2667,1902,19,1,27.47,16.6
2668,1902,44,1,94.23,7.0
2669,1903,21,1,66.4,13.0
2670,1903,25,1,69.54,20.0
2671,1904,44,1,101.29,0.0
2672,1905,30,1,25.61,15.3
2673,1905,25,1,69.86,19.6
2674,1906,30,2,28.16,6.9
2675,1907,46,1,34.01,10.5
2676,1907,4,1,113.0,3.1
2677,1908,16,2,109.39,9.2
2678,1909,54,1,55.87,14.8
2679,1909,33,1,87.5,6.7
2680,1910,32,1,77.78,14.6
2681,1910,20,1,45.5,3.0
2682,1911,62,3,27.01,0.5
2683,1912,37,1,108.1,0.0
2684,1912,48,1,48.89,11.8
2685,1913,54,1,55.55,15.3
2686,1913,42,1,98.41,3.1
2687,1914,48,1,55.44,0.0
2688,1915,64,1,45.9,8.8
2689,1915,54,1,62.65,4.5
2690,1916,33,1,85.83,8.5
2691,1916,50,1,36.39,0.0
2692,1917,4,1,106.41,8.7
2693,1918,21,1,73.43,3.8
2694,1918,51,1,122.87,6.9
2695,1918,8,2,56.1,12.3
2696,1919,29,1,68.36,6.6
2697,1920,65,1,27.36,11.6
2698,1921,17,1,46.07,14.5
2699,1921,51,1,121.87,7.7
2700,1922,26,1,33.02,5.8
2701,1922,8,1,55.96,12.5
2702,1923,39,1,54.22,1.4
2703,1923,49,1,52.44,0.3
2704,1924,12,1,145.07,1.8
2705,1925,15,1,35.17,7.7
2706,1926,49,2,49.89,5.1
2707,1927,34,1,78.34,0.0
2708,1928,50,1,32.08,11.8
2709,1928,5,2,28.79,11.3
2710,1929,39,1,54.86,0.2
2711,1930,55,1,30.88,6.3
2712,1930,22,1,90.94,3.4
2713,1931,50,2,34.2,6.0
2714,1931,17,1,43.81,18.6
2715,1931,43,1,15.83,12.1
2716,1932,9,1,61.83,13.7
2717,1932,56,1,60.83,6.0
2718,1933,19,1,27.39,16.9
2719,1933,18,1,56.71,13.9
2720,1934,52,1,52.5,6.7
2721,1934,42,1,101.51,0.0
2722,1935,10,1,101.36,15.2
2723,1935,15,1,33.67,11.6
2724,1936,46,1,33.73,11.3
2725,1937,35,1,19.84,6.3
2726,1938,28,1,101.12,7.5
2727,1938,62,1,24.67,9.1
2728,1939,33,2,90.06,4.0
2729,1940,60,1,71.27,0.0
2730,1941,4,1,103.98,10.8
2731,1942,38,1,21.37,7.6
2732,1942,1,1,96.61,9.3
2733,1943,20,1,39.22,16.4
2734,1943,29,1,69.83,4.6
2735,1944,60,1,61.36,13.9
2736,1944,66,1,42.98,0.0
2737,1944,63,2,20.51,10.1
2738,1945,46,1,36.62,3.6
2739,1945,32,1,88.79,2.5
2740,1946,19,1,30.78,6.6
2741,1947,44,2,88.28,12.8
2742,1948,33,1,90.95,3.0
2743,1949,35,1,20.47,3.3
2744,1950,47,2,64.9,4.0
2745,1951,54,1,60.96,7.0
2746,1952,18,1,59.73,9.4
2747,1953,60,1,66.26,7.0
2748,1954,19,1,29.65,10.1
2749,1955,62,1,24.55,9.6
2750,1955,64,1,49.75,1.1
2751,1956,27,2,102.27,11.6
2752,1956,64,2,44.26,12.1
2753,1957,16,1,113.1,6.1
2754,1958,28,2,101.39,7.2
2755,1959,53,1,103.7,11.0
2756,1959,26,1,31.52,10.1
2757,1960,56,1,61.44,5.1
2758,1960,43,2,16.24,9.9
2759,1961,51,1,131.41,0.5
2760,1962,58,1,38.98,9.3
2761,1963,52,1,53.33,5.3
2762,1963,34,1,73.95,5.6
2763,1964,40,1,81.61,9.8
2764,1965,34,1,67.57,13.7
2765,1966,11,2,88.17,13.5
2766,1966,63,2,22.57,1.1
2767,1967,64,1,49.39,1.9
2768,1968,50,1,34.05,6.4
2769,1969,35,2,21.17,0.0
2770,1970,30,1,28.95,4.3
2771,1971,44,1,99.78,1.5
2772,1972,48,1,45.84,17.3
2773,1972,62,1,27.15,0.0
2774,1973,40,1,88.79,1.9
2775,1973,59,1,102.76,9.9
2776,1974,45,1,31.32,15.1
2777,1975,46,1,37.13,2.3
2778,1975,4,1,99.91,14.3
2779,1976,10,2,102.9,13.9
2780,1977,30,1,27.12,10.3
2781,1978,30,1,29.64,2.0
2782,1979,7,1,97.44,5.1
2783,1979,5,3,28.35,12.7
2784,1980,20,1,39.96,14.8
2785,1981,47,1,61.66,8.8
2786,1981,30,1,26.98,10.8
2787,1982,55,1,30.01,8.9
2788,1983,3,1,29.91,10.2
2789,1984,43,1,17.59,2.4
2790,1985,36,1,39.16,6.5
2791,1985,19,1,30.31,8.0
2792,1986,45,1,31.85,13.7
2793,1986,47,1,57.85,14.4
2794,1986,55,2,29.12,11.6
2795,1987,61,1,90.36,0.0
2796,1988,15,1,34.81,8.6
2797,1989,63,1,21.16,7.3
2798,1990,18,1,56.52,14.2
2799,1990,22,1,75.42,19.8
2800,1991,24,1,51.62,12.8
2801,1991,34,2,69.92,10.7
2802,1992,49,1,47.44,9.8
2803,1992,8,1,57.28,10.4
2804,1993,10,1,111.47,6.7
2805,1994,60,1,65.11,8.6
2806,1994,52,2,50.83,9.7
2807,1995,52,1,51.64,8.3
2808,1996,27,1,107.23,7.3
2809,1997,16,1,105.14,12.7
2810,1998,21,2,72.04,5.6
2811,1998,33,1,90.83,3.2
2812,1999,27,3,115.72,0.0
2813,1999,49,1,48.54,7.7
2814,2000,9,1,63.41,11.5
2815,2001,7,1,89.7,12.7
2816,2002,56,1,57.84,10.6
2817,2003,3,1,28.51,14.4
2818,2003,32,1,91.06,0.0
2819,2004,50,1,33.91,6.8
2820,2005,56,1,55.66,14.0
2821,2005,31,3,82.91,13.0
2822,2006,11,1,94.81,6.9
2823,2007,60,1,63.6,10.8
2824,2008,37,1,94.1,13.0
2825,2009,23,1,125.94,0.3
2826,2009,66,1,42.98,0.0
2827,2010,36,1,39.76,5.1
2828,2011,63,1,22.82,0.0
2829,2011,51,1,130.66,1.0
2830,2012,17,1,51.91,3.6
2831,2013,46,1,37.41,1.6
2832,2013,8,1,58.34,8.8
2833,2014,65,1,30.83,0.3
2834,2015,41,1,85.01,8.5
2835,2016,3,1,30.4,8.8
2836,2016,30,1,28.13,7.0
2837,2017,35,1,19.48,8.0
2838,2018,10,1,112.69,5.7
2839,2018,36,1,37.6,10.2
2840,2019,51,2,132.04,0.0
2841,2020,21,1,65.7,13.9
2842,2021,45,1,30.52,17.3
2843,2022,1,1,90.82,14.7
2844,2022,14,1,53.86,13.6
2845,2023,62,1,25.9,4.6
2846,2024,23,1,109.66,13.2
2847,2025,64,1,42.67,15.2
2848,2025,11,1,81.99,19.5
2849,2026,38,1,22.18,4.1
2850,2026,56,1,60.69,6.2
2851,2027,11,1,95.61,6.1
2852,2028,1,2,95.4,10.4
2853,2029,10,3,110.42,7.6
2854,2030,8,1,57.31,10.4
2855,2031,23,1,114.3,9.5
2856,2032,61,1,82.77,8.4
2857,2033,32,1,91.06,0.0
2858,2033,42,1,101.51,0.0
2859,2033,31,1,90.04,5.6
2860,2034,62,1,26.9,0.9
2861,2035,59,2,100.68,11.7
2862,2036,65,1,28.31,8.5
2863,2037,52,1,50.61,10.1
2864,2038,1,1,88.66,16.8
2865,2039,25,3,74.11,14.7
2866,2039,33,1,87.76,6.4
2867,2039,21,1,69.41,9.0
2868,2040,44,1,96.73,4.5
2869,2041,60,1,65.22,8.5
2870,2041,20,1,46.9,0.0
2871,2042,62,1,24.61,9.3
2872,2042,27,2,104.83,9.4
2873,2043,65,1,25.81,16.5
2874,2043,53,1,116.49,0.0
2875,2044,10,2,107.54,10.0
2876,2045,24,1,54.16,8.5
2877,2045,48,1,51.83,6.5
2878,2046,9,1,71.29,0.5
2879,2047,17,1,44.2,17.9
2880,2048,51,1,130.58,1.1
2881,2049,1,1,98.47,7.5
2882,2050,36,1,36.34,13.2
2883,2051,12,1,143.63,2.7
2884,2052,25,3,80.78,7.0
2885,2052,22,1,87.73,6.8
2886,2053,58,1,42.97,0.0
2887,2054,4,1,103.93,10.8
2888,2055,43,1,17.02,5.6
2889,2056,56,1,61.31,5.3
2890,2057,3,1,31.14,6.6
2891,2058,50,1,32.85,9.7
2892,2059,65,1,24.43,21.0
2893,2060,25,1,73.93,14.9
2894,2061,38,1,22.85,1.2
2895,2062,42,1,93.29,8.1
2896,2063,26,2,29.77,15.1
2897,2064,31,1,88.31,7.4
2898,2064,10,2,101.79,14.9
2899,2065,35,1,20.43,3.5
2900,2066,62,1,24.02,11.5
2901,2067,39,1,47.46,13.7
2902,2067,33,2,83.88,10.6
2903,2068,56,1,58.95,8.9
2904,2068,32,1,76.52,16.0
2905,2069,13,1,87.02,11.9
2906,2070,39,1,53.44,2.8
2907,2070,12,3,138.99,5.9
2908,2071,31,1,84.63,11.2
2909,2072,60,1,64.89,9.0
2910,2072,65,1,29.55,4.5
2911,2073,56,2,54.22,16.2
2912,2073,21,1,67.17,12.0
2913,2074,30,1,29.18,3.5
2914,2075,65,1,28.67,7.3
2915,2075,49,1,47.39,9.9
2916,2076,22,2,86.46,8.1
2917,2077,33,1,87.48,6.8
2918,2078,21,1,70.98,7.0
2919,2078,47,1,62.44,7.6
2920,2079,9,2,62.21,13.2
2921,2080,46,1,37.78,0.6
2922,2080,63,1,20.78,9.0
2923,2081,37,1,103.97,3.8
2924,2081,54,2,62.97,4.0
2925,2082,10,1,103.32,13.6
2926,2083,14,1,61.87,0.7
2927,2083,66,1,39.26,8.7
2928,2084,29,1,67.6,7.7
2929,2085,40,1,83.23,8.1
2930,2086,15,1,33.39,12.4
2931,2086,66,1,39.09,9.1
2932,2087,34,1,75.44,3.7
2933,2088,15,2,33.8,11.3
2934,2089,35,1,19.64,7.2
2935,2090,14,1,57.82,7.2
2936,2091,62,1,23.22,14.5
2937,2091,19,1,30.18,8.4
2938,2092,24,1,56.9,3.8
2939,2093,21,1,65.71,13.9
2940,2093,53,1,102.88,11.7
2941,2094,30,1,26.58,12.1
2942,2095,42,1,94.89,6.5
2943,2096,61,1,83.51,7.6
2944,2097,35,1,19.33,8.7
2945,2097,43,1,17.12,5.0
2946,2098,11,1,87.91,13.7
2947,2098,57,1,46.58,15.5
2948,2099,7,1,88.5,13.8
2949,2100,62,3,27.15,0.0
2950,2101,16,1,106.5,11.6
2951,2102,19,1,31.99,3.0
2952,2103,24,1,49.75,15.9
2953,2103,37,1,99.59,7.9
2954,2104,26,1,30.66,12.5
2955,2104,3,1,28.66,14.0
2956,2105,5,1,27.48,15.4
2957,2105,41,2,91.47,1.6
2958,2106,7,1,95.54,7.0
2959,2107,48,1,55.44,0.0
2960,2108,30,1,27.91,7.7
2961,2109,53,1,102.73,11.8
2962,2109,30,1,28.11,7.0
2963,2110,57,1,49.95,9.4
2964,2110,19,1,32.96,0.0
2965,2111,14,1,56.52,9.3
2966,2112,66,1,42.98,0.0
2967,2113,35,2,19.48,8.0
2968,2113,1,1,92.67,13.0
2969,2114,61,1,87.04,3.7
2970,2115,58,1,38.08,11.4
2971,2116,64,1,47.12,6.4
2972,2117,66,1,39.68,7.7
2973,2117,53,2,107.27,7.9
2974,2117,62,1,24.65,9.2
2975,2118,57,1,49.81,9.6
2976,2119,18,2,59.02,10.4
2977,2120,48,1,50.32,9.2
2978,2121,58,1,41.3,3.9
2979,2122,15,1,35.43,7.0
2980,2123,9,1,63.32,11.6
2981,2123,65,2,29.47,4.7
2982,2124,58,1,39.97,7.0
2983,2125,37,1,102.69,5.0
2984,2126,22,1,84.12,10.6
2985,2127,41,3,86.4,7.0
2986,2127,40,1,86.2,4.8
2987,2128,60,1,66.78,6.3
2988,2128,35,1,19.39,8.4
2989,2129,64,2,46.76,7.1
2990,2130,39,1,48.23,12.3
2991,2131,43,1,16.65,7.6
2992,2132,31,1,94.43,1.0
2993,2132,33,1,86.91,7.4
2994,2133,54,1,62.2,5.2
2995,2134,58,1,40.58,5.6
2996,2134,55,1,30.99,5.9
2997,2135,56,1,64.72,0.0
2998,2135,38,1,22.75,1.7
2999,2136,17,1,43.71,18.8
3000,2137,24,1,51.65,12.7
3001,2138,46,1,36.15,4.9
3002,2139,51,1,129.6,1.8
3003,2140,16,1,114.43,5.0
3004,2140,7,3,90.93,11.5
3005,2141,12,1,128.48,13.0
3006,2141,50,1,32.5,10.7
3007,2142,3,1,28.95,13.1
3008,2142,35,1,19.31,8.8
3009,2143,33,1,84.71,9.7
3010,2144,31,1,83.41,12.5
3011,2145,19,1,29.43,10.7
3012,2146,20,1,43.44,7.4
3013,2146,33,1,88.2,6.0
3014,2147,11,1,93.72,8.0
3015,2148,30,2,25.94,14.2
3016,2149,47,1,67.6,0.0
3017,2150,65,1,26.45,14.5
3018,2150,15,1,33.98,10.8
3019,2150,1,1,87.04,18.3
3020,2151,56,1,61.7,4.7
3021,2152,64,1,43.98,12.6
3022,2152,49,1,46.44,11.7
3023,2153,24,1,50.81,14.1
3024,2154,39,1,52.8,4.0
3025,2155,55,2,28.8,12.6
3026,2155,17,1,43.29,19.6
3027,2156,4,1,102.26,12.3
3028,2156,57,1,51.32,6.9
3029,2157,14,1,55.35,11.2
3030,2158,3,2,26.98,19.0
3031,2159,56,1,57.32,11.4
3032,2160,8,1,62.27,2.6
3033,2161,18,1,59.89,9.1
3034,2162,3,1,26.84,19.4
3035,2163,25,2,72.8,16.2
3036,2164,17,1,51.88,3.7
3037,2165,43,1,16.57,8.1
3038,2166,34,1,66.45,15.2
3039,2166,36,1,39.85,4.8
3040,2167,1,1,97.05,8.9
3041,2168,21,2,66.99,12.2
3042,2168,40,1,76.09,16.0
3043,2169,19,1,30.23,8.3
3044,2169,49,1,46.5,11.6
3045,2170,7,2,85.56,16.7
3046,2171,35,1,20.97,1.0
3047,2172,4,1,96.99,16.8
3048,2173,64,1,49.64,1.4
3049,2174,59,1,102.11,10.5
3050,2175,43,1,15.76,12.5
3051,2175,4,1,102.09,12.4
3052,2176,42,1,95.22,6.2
3053,2177,26,1,29.0,17.3
3054,2178,40,1,81.13,10.4
3055,2179,53,1,116.49,0.0
3056,2180,13,1,95.94,2.8
3057,2181,61,1,81.55,9.7
3058,2182,56,1,61.79,4.5
3059,2183,47,2,63.47,6.1
3060,2184,13,2,86.84,12.0
3061,2185,20,1,39.85,15.0
3062,2185,66,1,40.54,5.7
3063,2186,14,1,55.61,10.7
3064,2187,2,1,122.71,2.4
3065,2187,29,1,73.22,0.0
3066,2188,41,1,84.24,9.4
3067,2188,66,1,42.58,0.9
3068,2189,5,1,32.07,1.3
3069,2189,7,1,95.2,7.3
3070,2190,8,1,54.51,14.8
3071,2190,6,1,56.6,18.6
3072,2191,65,1,27.24,11.9
3073,2192,46,1,30.71,19.2
3074,2192,23,2,110.46,12.6
3075,2193,14,1,51.66,17.1
3076,2194,61,1,90.36,0.0
3077,2194,66,1,39.99,7.0
3078,2195,33,3,93.81,0.0
3079,2196,28,1,98.11,10.2
3080,2197,57,1,52.39,5.0
3081,2198,11,1,89.1,12.5
3082,2199,6,1,64.62,7.1
3083,2200,23,1,109.24,13.5
3084,2201,12,1,146.97,0.5
3085,2201,35,1,20.9,1.3
3086,2201,58,1,39.93,7.1
3087,2202,45,1,32.37,12.3
3088,2202,47,1,64.13,5.1
3089,2203,14,1,55.71,10.6
3090,2203,35,1,18.8,11.2
3091,2204,20,1,38.34,18.2
3092,2204,23,1,113.2,10.4
3093,2205,19,1,29.67,10.0
3094,2206,3,1,29.29,12.1
3095,2207,3,1,30.32,9.0
3096,2207,7,1,87.08,15.2
3097,2208,57,1,52.23,5.2
3098,2209,20,1,39.56,15.6
3099,2210,48,1,48.75,12.1
3100,2210,9,1,66.01,7.9
3101,2211,3,1,28.38,14.8
3102,2212,4,1,116.58,0.0
3103,2212,2,1,113.48,9.7
3104,2212,15,1,33.17,12.9
3105,2213,37,2,101.6,6.0
3106,2213,60,1,62.12,12.8
3107,2214,46,1,33.4,12.1
3108,2215,43,1,16.35,9.3
3109,2216,15,1,29.86,21.6
3110,2216,37,1,98.81,8.6
3111,2217,30,1,29.38,2.8
3112,2218,61,1,83.37,7.7
3113,2219,49,1,52.58,0.0
3114,2219,56,1,58.47,9.7
3115,2220,3,1,31.8,4.6
3116,2221,11,1,90.46,11.2
3117,2222,60,1,67.65,5.1
3118,2222,4,1,97.98,16.0
3119,2222,30,1,27.19,10.1
3120,2223,61,1,80.54,10.9
3121,2223,19,1,29.2,11.4
3122,2224,49,1,48.74,7.3
3123,2225,27,1,111.2,3.9
3124,2226,21,1,68.22,10.6
3125,2227,8,1,57.6,9.9
3126,2227,33,1,80.08,14.6
3127,2228,34,1,73.54,6.1
3128,2228,53,1,108.66,6.7
3129,2229,24,1,47.11,20.4
3130,2229,21,2,65.2,14.5
3131,2230,17,1,52.62,2.3
3132,2231,44,1,94.07,7.1
3133,2231,42,1,92.12,9.3
3134,2232,31,1,89.18,6.5
3135,2232,63,1,21.85,4.2
3136,2233,23,1,109.27,13.5
3137,2233,48,1,48.0,13.4
3138,2234,32,1,84.56,7.1
3139,2234,58,1,40.82,5.0
3140,2235,56,1,60.41,6.7
3141,2236,44,1,98.43,2.8
3142,2237,10,1,105.84,11.5
3143,2238,58,1,39.86,7.2
3144,2239,63,1,19.97,12.5
3145,2240,8,1,60.75,5.0
3146,2241,2,3,108.66,13.6
3147,2241,43,1,18.02,0.0
3148,2242,56,1,62.51,3.4
3149,2243,35,1,20.96,1.0
3150,2244,49,1,52.58,0.0
3151,2245,43,3,17.79,1.3
3152,2246,58,1,39.9,7.2
3153,2247,48,1,45.76,17.5
3154,2247,19,2,30.63,7.1
3155,2248,48,1,54.69,1.4
3156,2249,49,2,50.14,4.6
3157,2250,1,1,92.93,12.7
3158,2251,56,1,60.36,6.7
3159,2251,54,1,54.55,16.8
3160,2252,25,1,77.81,10.5
3161,2252,4,1,94.45,19.0
3162,2253,30,1,30.22,0.1
3163,2254,10,1,103.18,13.7
3164,2255,15,1,32.15,15.6
3165,2256,31,1,95.34,0.0
3166,2256,29,1,64.96,11.3
3167,2257,58,1,37.47,12.8
3168,2258,33,1,85.57,8.8
3169,2259,38,1,20.5,11.4
3170,2260,28,1,96.44,11.8
3171,2261,13,2,79.64,19.3
3172,2261,62,1,23.87,12.1
3173,2262,6,1,64.97,6.6
3174,2262,32,1,86.24,5.3
3175,2263,32,1,84.36,7.4
3176,2264,3,1,28.27,15.2
3177,2265,18,1,63.95,3.0
3178,2265,5,2,30.07,7.4
3179,2265,58,1,38.04,11.5
3180,2266,66,1,38.84,9.6
3181,2266,59,1,95.81,16.0
3182,2267,7,1,88.46,13.9
3183,2268,21,1,65.42,14.3
3184,2269,21,1,64.85,15.0
3185,2270,25,2,73.81,15.1
3186,2271,27,1,108.93,5.9
3187,2272,11,1,90.41,11.2
3188,2273,60,1,68.31,4.1
3189,2274,5,1,30.76,5.3
3190,2274,34,1,70.27,10.3
3191,2275,2,2,108.49,13.7
3192,2276,23,1,116.1,8.1
3193,2277,19,1,29.71,9.8
3194,2277,41,1,89.21,4.0
3195,2278,11,1,89.27,12.4
3196,2279,54,1,59.7,9.0
3197,2279,24,1,58.76,0.7
3198,2280,41,1,83.1,10.6
3199,2280,27,1,99.83,13.7
3200,2281,32,1,91.06,0.0
3201,2281,24,1,52.74,10.9
3202,2282,11,1,83.86,17.7
3203,2283,17,1,50.05,7.1
3204,2284,11,1,88.06,13.6
3205,2285,6,1,58.76,15.5
3206,2286,64,1,45.11,10.4
3207,2286,51,1,132.04,0.0
3208,2286,7,1,87.13,15.2
3209,2287,33,1,86.99,7.3
3210,2288,16,1,102.78,14.7
3211,2289,10,1,105.29,11.9
3212,2289,39,1,51.72,5.9
3213,2290,59,1,106.3,6.8
3214,2291,13,1,78.39,20.6
3215,2292,28,1,108.42,0.8
3216,2293,56,1,61.0,5.7
3217,2293,4,1,102.99,11.7
3218,2294,7,2,85.94,16.3
3219,2295,53,1,111.88,4.0
3220,2296,22,1,83.75,11.0
3221,2297,47,2,65.65,2.9
3222,2297,37,1,100.08,7.4
3223,2297,27,1,107.42,7.2
3224,2298,46,2,31.21,17.9
3225,2298,14,1,52.52,15.7
3226,2298,40,1,83.07,8.2
3227,2299,65,1,30.93,0.0
3228,2300,25,1,77.93,10.3
3229,2300,27,1,105.29,9.0
3230,2301,62,1,26.8,1.3
3231,2301,2,1,106.04,15.7
3232,2302,9,1,62.61,12.6
3233,2303,59,1,107.42,5.8
3234,2304,55,1,32.55,1.2
3235,2305,18,1,55.31,16.1
3236,2306,53,2,107.73,7.5
3237,2307,60,1,68.3,4.2
3238,2307,30,1,28.2,6.8
3239,2308,23,1,100.19,20.7
3240,2308,4,1,108.56,6.9
3241,2309,59,1,107.1,6.1
3242,2310,17,2,50.03,7.1
3243,2311,17,1,49.97,7.2
3244,2312,38,1,19.6,15.3
3245,2313,14,1,54.79,12.1
3246,2313,45,1,33.44,9.4
3247,2314,15,1,31.04,18.5
3248,2314,13,1,87.37,11.5
3249,2315,19,1,31.56,4.2
3250,2316,9,1,58.65,18.1
3251,2316,34,1,77.89,0.6
3252,2317,54,1,59.65,9.0
3253,2317,10,1,110.82,7.3
3254,2318,59,1,108.05,5.2
3255,2319,55,1,32.39,1.7
3256,2320,47,1,65.08,3.7
3257,2320,33,1,87.24,7.0
3258,2321,45,1,35.03,5.0
3259,2322,65,1,27.2,12.0
3260,2322,1,1,92.57,13.1
3261,2323,11,1,91.12,10.6
3262,2324,33,1,87.16,7.1
3263,2325,30,1,28.98,4.2
3264,2326,66,1,40.98,4.7
3265,2326,46,1,36.47,4.1
3266,2327,3,2,31.07,6.8
3267,2328,5,1,31.79,2.1
3268,2328,49,1,46.8,11.0
3269,2329,49,1,46.8,11.0
3270,2329,48,1,51.73,6.7
3271,2329,52,1,53.11,5.7
3272,2330,58,1,35.49,17.4
3273,2330,24,2,53.1,10.3
3274,2330,12,1,132.85,10.0
3275,2331,16,2,120.44,0.0
3276,2332,29,1,63.24,13.6
3277,2333,10,2,108.01,9.6
3278,2334,13,1,87.12,11.7
3279,2335,51,1,111.74,15.4
3280,2335,32,1,90.5,0.6
3281,2336,19,1,30.36,7.9
3282,2337,61,1,82.15,9.1
3283,2337,65,1,29.34,5.1
3284,2338,43,1,16.82,6.7
3285,2339,53,1,106.95,8.2
3286,2340,24,1,51.09,13.7
3287,2341,64,1,43.99,12.6
3288,2341,11,1,83.47,18.1
3289,2341,54,3,57.25,12.7
3290,2342,44,1,89.88,11.3
3291,2342,38,1,21.94,5.2
3292,2343,41,1,84.81,8.7
3293,2344,63,1,21.87,4.2
3294,2344,49,1,50.8,3.4
3295,2345,15,1,35.29,7.4
3296,2345,25,1,76.44,12.0
3297,2346,45,1,34.42,6.7
3298,2347,16,1,93.11,22.7
3299,2348,62,1,24.66,9.2
3300,2348,22,1,80.93,14.0
3301,2348,38,1,20.53,11.3
3302,2349,31,2,92.01,3.5
3303,2350,55,2,30.22,8.3
3304,2351,24,1,52.96,10.5
3305,2352,44,1,96.11,5.1
3306,2352,51,1,122.96,6.9
3307,2352,16,1,106.69,11.4
3308,2353,57,1,54.45,1.2
3309,2354,20,1,39.39,16.0
3310,2355,46,3,32.28,15.1
3311,2356,54,1,63.91,2.5
3312,2357,51,1,132.04,0.0
3313,2358,64,1,47.83,5.0
3314,2359,15,2,32.59,14.5
3315,2360,30,1,29.0,4.1
3316,2361,57,1,52.0,5.7
3317,2362,33,1,84.78,9.6
3318,2363,31,1,91.38,4.2
3319,2364,62,1,24.35,10.3
3320,2364,14,1,54.4,12.7
3321,2365,29,1,73.22,0.0
3322,2366,39,1,50.49,8.2
3323,2367,60,1,61.77,13.3
3324,2368,52,1,54.01,4.0
3325,2369,21,2,63.85,16.3
3326,2370,36,1,41.88,0.0
3327,2370,63,1,18.06,20.9
3328,2371,33,1,87.78,6.4
3329,2371,31,1,92.3,3.2
3330,2372,42,2,94.68,6.7
3331,2372,57,1,48.61,11.8
3332,2373,47,1,61.86,8.5
3333,2374,9,1,64.49,10.0
3334,2375,16,1,101.92,15.4
3335,2375,43,1,17.62,2.2
3336,2376,35,1,19.25,9.1
3337,2377,6,1,69.53,0.0
3338,2378,31,2,88.98,6.7
3339,2379,55,1,31.35,4.8
3340,2380,46,1,35.28,7.2
3341,2381,58,1,41.17,4.2
3342,2382,16,1,106.05,11.9
3343,2382,60,1,66.67,6.4
3344,2383,66,1,41.74,2.9
3345,2383,45,1,31.75,13.9
3346,2384,30,1,28.38,6.2
3347,2385,21,1,65.83,13.7
3348,2386,14,1,56.28,9.7
3349,2387,48,1,51.44,7.2
3350,2388,23,1,120.69,4.5
3351,2389,41,1,82.63,11.1
3352,2390,60,1,61.84,13.2
3353,2391,65,2,27.49,11.1
3354,2391,1,1,98.03,7.9
3355,2392,15,1,32.69,14.2
3356,2392,52,1,54.13,3.8
3357,2393,65,1,28.8,6.9
3358,2394,47,1,62.3,7.8
3359,2394,46,2,31.63,16.8
3360,2394,30,1,26.58,12.1
3361,2395,29,1,73.22,0.0
3362,2396,38,3,21.11,8.7
3363,2397,21,2,66.31,13.1
3364,2397,47,1,62.02,8.3
3365,2398,38,1,21.01,9.2
3366,2398,13,1,89.81,9.0
3367,2399,21,1,70.0,8.3
3368,2400,26,1,32.44,7.4
3369,2400,60,1,71.27,0.0
3370,2401,23,1,114.88,9.1
3371,2401,45,1,33.68,8.7
3372,2402,40,1,84.56,6.6
3373,2403,44,1,101.29,0.0
3374,2403,21,1,67.44,11.6
3375,2404,61,1,86.17,4.6
3376,2405,21,1,68.26,10.5
3377,2406,64,1,44.19,12.2
3378,2407,26,1,28.04,20.0
3379,2407,25,1,63.67,26.7
3380,2407,60,1,61.87,13.2
3381,2408,24,1,52.31,11.6
3382,2409,17,1,43.26,19.7
3383,2409,28,3,92.0,15.8
3384,2410,8,1,54.99,14.0
3385,2410,15,2,35.04,8.0
3386,2411,44,1,88.99,12.1
3387,2412,24,1,51.98,12.2
3388,2413,23,1,126.32,0.0
3389,2413,19,2,27.29,17.2
3390,2414,53,1,103.07,11.5
3391,2415,33,1,85.99,8.3
3392,2416,52,2,47.98,14.8
3393,2416,54,2,57.0,13.1
3394,2416,22,2,84.17,10.5
3395,2417,27,1,105.7,8.7
3396,2417,21,2,68.88,9.7
3397,2418,15,1,33.26,12.7
3398,2419,3,1,28.53,14.4
3399,2420,48,1,51.9,6.4
3400,2421,43,1,17.48,3.0
3401,2422,33,1,93.81,0.0
3402,2423,54,1,57.49,12.3
3403,2423,4,1,94.33,19.1
3404,2424,34,1,78.34,0.0
3405,2425,64,1,46.58,7.4
3406,2425,5,1,28.39,12.6
3407,2426,24,1,52.66,11.0
3408,2427,62,1,27.15,0.0
3409,2427,54,2,61.25,6.6
3410,2428,14,1,58.01,6.9
3411,2429,45,1,32.79,11.1
3412,2430,10,1,110.14,7.9
3413,2430,64,1,48.09,4.5
3414,2431,31,1,86.08,9.7
3415,2431,16,1,111.54,7.4
3416,2431,17,1,41.98,22.0
3417,2432,50,1,35.89,1.4
3418,2432,18,2,55.62,15.6
3419,2433,58,1,41.12,4.3
3420,2433,52,1,50.65,10.0
3421,2434,4,2,98.0,15.9
3422,2435,37,1,94.1,12.9
3423,2436,9,2,63.13,11.9
3424,2437,10,2,110.8,7.3
3425,2438,50,2,35.4,2.7
3426,2439,38,1,22.99,0.6
3427,2440,45,1,34.52,6.4
3428,2441,58,1,39.51,8.1
3429,2442,7,1,87.58,14.7
3430,2443,1,1,92.24,13.4
3431,2444,44,1,87.46,13.7
3432,2445,41,1,92.93,0.0
3433,2446,36,1,39.4,5.9
3434,2447,64,1,43.18,14.2
3435,2448,64,1,46.53,7.6
3436,2448,13,1,92.19,6.6
3437,2449,14,1,57.79,7.2
3438,2450,66,1,42.98,0.0
3439,2451,21,1,61.89,18.9
3440,2452,55,2,29.45,10.6
3441,2453,56,1,55.37,14.4
3442,2454,64,1,42.78,15.0
3443,2455,49,1,47.49,9.7
3444,2456,39,2,50.23,8.6
3445,2457,60,1,61.79,13.3
3446,2457,29,1,67.68,7.6
3447,2458,64,1,48.25,4.1
3448,2459,44,1,84.8,16.3
3449,2460,15,1,34.75,8.8
3450,2461,58,1,35.16,18.2
3451,2461,48,1,54.17,2.3
3452,2461,4,1,103.31,11.4
3453,2462,28,2,101.49,7.1
3454,2463,49,2,52.58,0.0
3455,2463,7,2,88.39,13.9
3456,2464,24,1,53.96,8.8
3457,2465,59,1,107.09,6.1
3458,2465,58,1,42.97,0.0
3459,2466,51,1,107.12,18.9
3460,2466,12,2,132.28,10.4
3461,2467,29,1,65.16,11.0
3462,2467,31,1,87.08,8.7
3463,2468,58,1,42.97,0.0
3464,2468,39,1,49.22,10.5
3465,2468,8,1,59.26,7.3
3466,2469,13,1,94.08,4.7
3467,2469,45,2,34.65,6.1
3468,2470,8,1,55.43,13.3
3469,2471,61,1,81.72,9.6
3470,2471,16,1,106.57,11.5
3471,2472,53,2,109.48,6.0
3472,2472,13,2,77.07,21.9
3473,2472,40,1,82.03,9.4
3474,2473,23,1,105.63,16.4
3475,2473,27,1,110.22,4.8
3476,2473,32,1,75.8,16.8
3477,2474,14,1,51.15,17.9
3478,2475,66,1,40.04,6.8
3479,2476,53,1,100.63,13.6
3480,2477,6,1,62.99,9.4
3481,2478,55,1,26.94,18.2
3482,2479,24,1,52.76,10.8
3483,2480,40,1,89.32,1.3
3484,2481,27,2,101.31,12.5
3485,2481,23,2,109.95,13.0
3486,2482,20,1,39.47,15.8
3487,2483,28,1,102.17,6.5
3488,2484,29,1,66.56,9.1
3489,2485,34,1,78.34,0.0
3490,2486,52,1,52.71,6.4
3491,2487,32,1,84.47,7.2
3492,2488,18,1,54.7,17.0
3493,2488,65,1,30.25,2.2
3494,2488,4,1,104.5,10.4
3495,2489,37,1,95.67,11.5
3496,2490,21,1,68.97,9.6
3497,2491,27,1,115.72,0.0
3498,2492,34,1,71.06,9.3
3499,2493,31,1,88.49,7.2
3500,2493,56,1,59.28,8.4
3501,2494,28,1,98.35,10.0
3502,2495,15,1,30.74,19.3
3503,2496,39,1,52.01,5.4
3504,2497,24,1,53.39,9.8
3505,2498,31,1,84.98,10.9
3506,2499,25,1,83.0,4.5
3507,2499,12,1,128.43,13.0
3508,2500,27,1,102.8,11.2
3509,2501,13,1,84.18,14.7
3510,2502,10,1,97.91,18.1
3511,2503,14,1,54.68,12.2
3512,2504,49,1,45.66,13.2
3513,2504,35,2,19.68,7.0
3514,2505,10,1,109.76,8.2
3515,2505,4,2,97.22,16.6
3516,2506,58,1,38.86,9.6
3517,2506,63,3,19.84,13.0
3518,2507,39,1,47.68,13.3
3519,2508,3,1,29.34,12.0
3520,2508,49,1,51.23,2.6
3521,2509,2,1,113.06,10.1
3522,2510,5,1,25.64,21.1
3523,2510,20,1,41.32,11.9
3524,2511,40,1,83.2,8.1
3525,2511,16,1,109.25,9.3
3526,2512,51,1,122.8,7.0
3527,2513,54,1,64.61,1.5
3528,2513,2,1,109.07,13.3
3529,2514,23,2,113.69,10.0
3530,2515,1,1,85.3,19.9
3531,2516,23,1,118.96,5.8
3532,2516,42,1,93.43,8.0
3533,2517,17,1,40.47,24.8
3534,2517,33,1,86.92,7.3
3535,2518,6,1,58.69,15.6
3536,2519,6,1,60.47,13.0
3537,2520,63,1,20.07,12.1
3538,2520,30,1,28.65,5.3
3539,2521,4,1,94.52,18.9
3540,2522,41,1,92.93,0.0
3541,2523,57,2,49.75,9.7
3542,2523,39,1,43.79,20.4
3543,2524,51,1,115.03,12.9
3544,2524,64,1,48.43,3.8
3545,2525,45,1,36.89,0.0
3546,2525,59,1,110.68,2.9
3547,2526,41,1,79.57,14.4
3548,2526,19,1,29.13,11.6
3549,2527,64,1,48.22,4.2
3550,2528,22,2,83.47,11.3
3551,2529,26,1,35.04,0.0
3552,2530,29,1,67.81,7.4
3553,2531,26,1,29.39,16.1
3554,2532,26,1,31.78,9.3
3555,2533,57,1,52.17,5.4
3556,2534,27,1,110.99,4.1
3557,2535,39,1,49.06,10.8
3558,2536,48,2,50.04,9.7
3559,2537,54,1,62.38,4.9
3560,2538,31,1,91.27,4.3
3561,2539,46,1,37.65,0.9
3562,2539,65,2,27.78,10.2
3563,2540,31,1,81.72,14.3
3564,2540,39,1,54.99,0.0
3565,2541,12,2,123.14,16.6
3566,2541,60,2,62.27,12.6
3567,2542,12,1,135.96,7.9
3568,2543,35,1,20.04,5.3
3569,2544,60,1,67.58,5.2
3570,2545,54,1,52.93,19.3
3571,2546,16,1,104.01,13.6
3572,2546,62,1,25.93,4.5
3573,2547,19,1,25.69,22.1
3574,2548,12,1,125.9,14.7
3575,2549,12,1,129.62,12.2
3576,2550,10,1,109.64,8.3
3577,2551,3,1,31.51,5.4
3578,2552,25,1,80.4,7.5
3579,2553,36,2,39.88,4.8
3580,2554,32,2,84.66,7.0
3581,2555,23,1,110.31,12.7
3582,2555,60,1,67.56,5.2
3583,2556,29,1,67.51,7.8
3584,2557,17,1,45.8,14.9
3585,2557,35,2,18.18,14.1
3586,2558,38,1,21.79,5.8
3587,2559,13,1,80.21,18.7
3588,2560,11,1,84.83,16.7
3589,2561,10,2,113.48,5.1
3590,2562,54,1,54.6,16.8
3591,2562,32,1,91.06,0.0
3592,2563,57,1,54.8,0.6
3593,2563,64,1,42.97,14.6
3594,2564,12,1,119.06,19.4
3595,2564,33,1,85.17,9.2
3596,2565,38,1,22.28,3.7
3597,2566,52,1,51.93,7.7
3598,2566,25,1,77.98,10.3
3599,2567,31,1,81.76,14.2
3600,2568,62,2,24.98,8.0
3601,2569,42,1,88.92,12.4
3602,2569,34,1,76.46,2.4
3603,2569,53,2,114.62,1.6
3604,2570,6,1,60.37,13.2
3605,2571,40,1,89.94,0.7
3606,2571,54,1,62.26,5.1
3607,2572,41,1,78.93,15.1
3608,2573,34,1,73.87,5.7
3609,2574,63,1,21.06,7.7
3610,2574,41,1,85.68,7.8
3611,2575,7,2,79.12,23.0
3612,2576,64,1,50.1,0.5
3613,2576,30,1,29.9,1.1
3614,2577,55,1,32.94,0.0
3615,2578,28,1,100.17,8.3
3616,2579,22,1,85.66,9.0
3617,2580,30,1,27.25,9.9
3618,2581,51,1,129.78,1.7
3619,2582,45,1,32.54,11.8
3620,2582,54,1,56.71,13.5
3621,2583,61,1,86.13,4.7
3622,2584,26,1,32.09,8.4
3623,2585,16,1,105.44,12.5
3624,2586,6,1,63.65,8.5
3625,2587,38,1,19.47,15.8
3626,2588,60,1,71.27,0.0
3627,2589,53,1,107.81,7.5
3628,2590,28,1,94.04,14.0
3629,2591,4,1,102.27,12.3
3630,2592,6,1,62.19,10.6
3631,2593,16,1,114.21,5.2
3632,2594,12,1,129.93,12.0
3633,2595,12,1,119.35,19.2
3634,2596,49,1,42.48,19.2
3635,2597,31,1,93.44,2.0
3636,2597,54,1,59.75,8.9
3637,2597,63,1,20.73,9.2
3638,2598,48,2,53.34,3.8
3639,2599,57,2,55.12,0.0
3640,2600,40,1,87.63,3.2
3641,2600,24,1,47.52,19.7
3642,2601,14,1,54.36,12.7
3643,2602,38,1,22.38,3.3
3644,2603,5,2,28.29,12.9
3645,2604,38,1,22.71,1.8
3646,2604,17,1,44.17,18.0
3647,2604,31,1,91.45,4.1
3648,2605,66,2,40.14,6.6
3649,2605,2,2,112.91,10.2
3650,2606,22,1,82.45,12.4
3651,2607,6,1,62.85,9.6
3652,2608,17,1,45.21,16.0
3653,2609,31,2,84.46,11.4
3654,2610,59,1,107.26,5.9
3655,2611,28,2,99.86,8.6
3656,2612,37,1,104.16,3.6
3657,2612,39,1,49.06,10.8
3658,2613,53,3,104.98,9.9
3659,2614,54,1,55.17,15.9
3660,2615,19,1,28.69,12.9
3661,2616,33,1,87.59,6.6
3662,2616,13,1,89.13,9.7
3663,2617,48,1,47.0,15.2
3664,2617,49,1,46.74,11.1
3665,2617,46,1,33.88,10.9
3666,2618,54,1,65.58,0.0
3667,2619,11,1,101.12,0.7
3668,2619,51,1,113.72,13.9
3669,2620,38,1,22.06,4.6
3670,2621,36,1,39.3,6.2
3671,2622,55,1,31.25,5.1
3672,2622,61,1,82.09,9.2
3673,2623,2,1,106.69,15.1
3674,2623,30,2,25.35,16.2
3675,2624,4,1,95.48,18.1
3676,2624,17,1,45.77,15.0
3677,2625,34,1,78.34,0.0
3678,2625,10,1,95.48,20.1
3679,2625,45,1,36.68,0.6
3680,2626,60,1,67.27,5.6
3681,2626,23,1,111.39,11.8
3682,2627,38,1,20.42,11.7
3683,2627,15,1,32.57,14.5
3684,2628,63,1,22.81,0.0
3685,2629,52,1,53.39,5.1
3686,2630,8,3,52.0,18.7
3687,2631,55,1,32.94,0.0
3688,2631,58,1,42.97,0.0
3689,2632,37,1,98.98,8.4
3690,2632,42,2,92.02,9.4
3691,2633,23,2,102.17,19.1
3692,2634,45,1,35.5,3.8
3693,2634,44,3,98.76,2.5
3694,2635,50,2,32.86,9.7
3695,2635,18,1,56.7,14.0
3696,2635,47,1,66.12,2.2
3697,2636,24,2,49.44,16.4
3698,2637,4,1,91.53,21.5
3699,2637,9,1,64.9,9.4
3700,2638,65,1,27.07,12.5
3701,2638,51,1,123.45,6.5
3702,2638,55,2,32.45,1.5
3703,2639,6,1,62.64,9.9
3704,2639,2,1,105.27,16.3
3705,2640,52,1,49.37,12.3
3706,2640,2,1,115.11,8.5
3707,2641,20,2,41.84,10.8
3708,2641,19,1,31.19,5.4
3709,2642,39,1,48.66,11.5
3710,2643,7,1,95.28,7.2
3711,2643,28,1,106.86,2.2
3712,2644,36,1,40.05,4.4
3713,2644,9,1,60.04,16.2
3714,2645,19,1,27.59,16.3
3715,2646,5,1,27.24,16.1
3716,2646,8,1,50.36,21.2
3717,2647,2,1,109.07,13.3
3718,2648,51,1,119.6,9.4
3719,2649,52,1,53.97,4.1
3720,2650,13,1,85.77,13.1
3721,2650,20,2,38.46,18.0
3722,2651,31,1,87.52,8.2
3723,2652,51,1,121.35,8.1
3724,2652,52,1,50.87,9.6
3725,2653,27,1,106.92,7.6
3726,2654,10,1,106.73,10.7
3727,2654,46,1,32.92,13.4
3728,2655,66,1,37.91,11.8
3729,2656,25,1,78.85,9.2
3730,2657,22,2,85.05,9.6
3731,2658,60,1,66.21,7.1
3732,2659,32,1,80.52,11.6
3733,2659,63,1,20.98,8.0
3734,2660,63,1,20.86,8.6
3735,2661,3,1,29.48,11.5
3736,2662,20,2,41.03,12.5
3737,2662,1,1,93.42,12.3
3738,2663,4,1,87.97,24.5
3739,2664,26,1,32.38,7.6
3740,2664,25,1,71.78,17.4
3741,2665,5,1,26.71,17.8
3742,2665,33,1,83.01,11.5
3743,2666,42,2,101.51,0.0
3744,2667,11,1,92.15,9.5
3745,2668,27,1,104.98,9.3
3746,2669,53,1,101.85,12.6
3747,2670,1,1,94.64,11.1
3748,2671,2,1,103.72,17.5
3749,2672,6,1,64.8,6.8
3750,2673,41,1,85.63,7.9
3751,2674,27,1,109.1,5.7
3752,2675,60,2,66.76,6.3
3753,2675,26,1,31.03,11.5
3754,2676,61,1,81.09,10.3
3755,2676,3,1,27.4,17.8
3756,2677,40,1,80.03,11.6
3757,2678,63,1,22.13,3.0
3758,2679,45,1,33.07,10.3
3759,2679,10,1,102.13,14.6
3760,2680,45,1,36.89,0.0
3761,2681,65,1,29.91,3.3
3762,2681,9,1,54.44,24.0
3763,2682,57,1,53.29,3.3
3764,2682,15,1,31.87,16.3
3765,2682,4,1,103.68,11.1
3766,2683,37,1,94.87,12.2
3767,2683,44,1,96.71,4.5
3768,2684,62,1,24.72,8.9
3769,2684,14,1,56.71,9.0
3770,2684,12,1,122.34,17.2
3771,2685,30,1,27.34,9.6
3772,2686,58,1,41.32,3.8
3773,2687,45,1,35.24,4.5
3774,2687,24,1,54.43,8.0
3775,2688,39,1,53.88,2.0
3776,2688,33,1,83.95,10.5
3777,2689,51,1,128.91,2.4
3778,2689,20,1,42.52,9.3
3779,2690,21,2,66.12,13.3
3780,2690,19,1,32.96,0.0
3781,2691,55,1,31.24,5.2
3782,2692,41,1,78.91,15.1
3783,2693,57,1,52.93,4.0
3784,2693,12,1,144.8,1.9
3785,2693,56,1,56.85,12.2
3786,2694,53,1,108.51,6.9
3787,2695,44,1,93.28,7.9
3788,2695,16,1,106.09,11.9
3789,2696,44,1,95.88,5.3
3790,2697,22,1,85.48,9.2
3791,2697,33,1,82.3,12.3
3792,2698,6,1,62.88,9.6
3793,2699,66,1,39.02,9.2
3794,2699,55,1,28.74,12.8
3795,2700,8,2,58.33,8.8
3796,2700,49,1,49.03,6.8
3797,2701,29,1,66.58,9.1
3798,2701,45,1,35.87,2.8
3799,2702,37,1,94.82,12.3
3800,2703,53,1,116.49,0.0
3801,2704,42,1,98.42,3.0
3802,2705,29,1,64.21,12.3
3803,2706,22,1,90.32,4.0
3804,2706,27,1,114.77,0.8
3805,2707,10,1,113.84,4.8
3806,2708,11,1,85.0,16.6
3807,2709,64,1,48.86,2.9
3808,2710,38,1,21.96,5.1
3809,2711,25,1,72.23,16.9
3810,2711,7,1,89.79,12.6
3811,2712,49,1,50.27,4.4
3812,2713,14,1,56.94,8.6
3813,2713,38,1,19.64,15.1
3814,2714,47,1,63.61,5.9
3815,2715,26,1,30.86,12.0
3816,2716,54,1,62.84,4.2
3817,2717,2,2,112.97,10.2
3818,2717,9,1,61.15,14.6
3819,2718,49,1,49.27,6.3
3820,2719,43,1,17.38,3.5
3821,2719,32,2,80.18,12.0
3822,2720,51,1,132.04,0.0
3823,2721,6,1,59.06,15.1
3824,2721,7,2,84.18,18.0
3825,2722,40,1,80.8,10.7
3826,2723,55,1,31.19,5.3
3827,2723,5,1,26.57,18.2
3828,2724,23,1,106.24,15.9
3829,2725,23,1,112.23,11.2
3830,2725,25,1,76.46,12.0
3831,2726,17,1,53.85,0.0
3832,2726,35,1,20.81,1.7
3833,2727,29,2,66.41,9.3
3834,2728,20,1,38.4,18.1
3835,2729,42,2,87.58,13.7
3836,2730,63,1,21.55,5.6
3837,2730,60,2,67.22,5.7
3838,2731,45,1,36.89,0.0
3839,2732,3,1,29.46,11.6
3840,2733,59,1,94.21,17.4
3841,2734,56,1,61.21,5.4
3842,2735,23,1,92.79,26.5
3843,2735,12,1,123.17,16.6
3844,2736,31,1,85.92,9.9
3845,2737,17,1,47.67,11.5
3846,2737,25,2,73.61,15.3
3847,2738,34,1,73.49,6.2
3848,2739,55,3,26.73,18.9
3849,2740,10,1,110.4,7.6
3850,2740,36,1,38.75,7.5
3851,2741,34,1,74.01,5.5
3852,2742,50,1,35.16,3.4
3853,2743,36,1,35.38,15.5
3854,2744,14,1,56.58,9.2
3855,2745,59,1,109.31,4.1
3856,2746,25,1,76.26,12.2
3857,2747,11,3,79.0,22.4
3858,2747,46,1,37.76,0.7
3859,2748,18,1,50.82,22.9
3860,2749,12,2,126.76,14.2
3861,2749,49,2,49.88,5.1
3862,2749,57,1,53.73,2.5
3863,2750,36,1,38.51,8.0
3864,2750,1,1,86.76,18.5
3865,2751,33,1,86.29,8.0
3866,2752,6,1,57.52,17.3
3867,2753,59,2,111.2,2.5
3868,2754,15,1,31.65,16.9
3869,2755,27,1,105.62,8.7
3870,2755,21,1,65.85,13.7
3871,2756,53,1,103.1,11.5
3872,2757,26,1,29.16,16.8
3873,2757,66,2,36.13,15.9
3874,2757,14,1,58.34,6.4
3875,2758,27,2,102.97,11.0
3876,2759,39,1,49.88,9.3
3877,2759,20,1,41.87,10.7
3878,2760,36,3,41.82,0.1
3879,2761,31,2,86.04,9.8
3880,2761,10,1,101.74,14.9
3881,2762,46,2,33.36,12.2
3882,2762,50,2,33.75,7.3
3883,2763,50,1,31.74,12.8
3884,2764,65,1,26.79,13.4
3885,2764,60,1,62.23,12.7
3886,2764,16,1,98.07,18.6
3887,2765,64,1,37.22,26.0
3888,2765,50,1,31.8,12.6
3889,2766,36,1,38.2,8.8
3890,2766,66,1,36.59,14.9
3891,2767,50,2,34.37,5.5
3892,2768,48,1,49.23,11.2
3893,2769,6,2,57.69,17.0
3894,2770,49,1,49.01,6.8
3895,2770,55,1,29.46,10.6
3896,2771,50,1,33.14,8.9
3897,2771,2,1,108.77,13.5
3898,2771,37,1,94.74,12.4
3899,2772,29,1,69.47,5.1
3900,2773,41,1,82.85,10.8
3901,2773,16,1,107.54,10.7
3902,2774,54,3,65.58,0.0
3903,2775,60,1,63.27,11.2
3904,2776,46,1,34.28,9.8
3905,2776,38,1,22.47,2.9
3906,2777,22,2,81.24,13.7
3907,2778,56,1,58.07,10.3
3908,2778,31,1,83.94,12.0
3909,2779,14,1,56.33,9.6
3910,2780,27,1,102.47,11.4
3911,2780,11,1,80.0,21.5
3912,2781,31,1,91.82,3.7
3913,2782,44,1,94.69,6.5
3914,2783,6,1,60.09,13.6
3915,2784,47,1,60.41,10.6
3916,2785,61,2,86.19,4.6
3917,2786,23,1,109.08,13.7
3918,2787,38,1,21.44,7.3
3919,2788,33,1,73.96,21.2
3920,2789,27,1,104.7,9.5
3921,2790,60,1,71.27,0.0
3922,2791,18,1,54.17,17.8
3923,2792,5,1,29.61,8.8
3924,2793,66,1,39.99,6.9
3925,2794,2,2,107.46,14.5
3926,2795,19,1,28.75,12.8
3927,2796,18,1,63.09,4.3
3928,2796,44,1,96.42,4.8
3929,2797,3,1,29.1,12.7
3930,2797,31,1,82.99,12.9
3931,2798,24,1,52.18,11.8
3932,2798,55,1,29.59,10.2
3933,2798,41,1,78.67,15.3
3934,2799,66,1,41.23,4.1
3935,2800,49,1,46.05,12.4
3936,2801,37,2,90.12,16.6
3937,2802,30,1,29.44,2.7
3938,2802,16,1,104.83,13.0
3939,2803,18,1,58.38,11.4
3940,2804,59,1,108.34,5.0
3941,2805,15,2,30.83,19.1
3942,2805,17,1,49.49,8.1
3943,2806,31,1,89.42,6.2
3944,2807,1,1,88.99,16.4
3945,2808,2,1,106.26,15.5
3946,2809,5,1,26.79,17.5
3947,2810,45,1,34.41,6.7
3948,2810,38,1,20.27,12.4
3949,2811,14,1,54.73,12.1
3950,2812,48,1,41.88,24.5
3951,2812,17,1,47.5,11.8
3952,2813,45,1,34.29,7.1
3953,2813,65,1,28.43,8.1
3954,2814,30,1,28.93,4.3
3955,2814,4,1,102.56,12.0
3956,2815,19,2,29.91,9.2
3957,2816,23,1,120.06,5.0
3958,2816,37,2,98.14,9.2
3959,2817,52,1,49.48,12.1
3960,2818,6,1,58.62,15.7
3961,2819,10,2,101.02,15.5
3962,2820,34,1,73.92,5.6
3963,2821,36,1,38.52,8.0
3964,2821,49,2,48.76,7.3
3965,2822,62,1,25.65,5.5
3966,2822,50,2,29.46,19.0
3967,2823,10,1,90.85,24.0
3968,2824,13,1,82.12,16.8
3969,2824,66,1,39.06,9.1
3970,2825,28,2,95.63,12.5
3971,2826,57,2,48.89,11.3
3972,2826,26,1,31.38,10.5
3973,2827,37,2,101.01,6.6
3974,2827,35,1,20.08,5.2
3975,2828,11,1,83.41,18.1
3976,2828,60,1,61.01,14.4
3977,2829,63,1,21.26,6.9
3978,2829,32,1,91.06,0.0
3979,2830,6,1,61.39,11.7
3980,2830,46,1,33.81,11.1
3981,2830,64,1,46.89,6.8
3982,2831,4,1,109.13,6.4
3983,2831,37,1,105.25,2.6
3984,2832,35,1,20.65,2.5
3985,2833,20,1,42.62,9.1
3986,2833,14,1,52.11,16.4
3987,2834,62,1,24.72,8.9
3988,2834,40,1,87.61,3.2
3989,2835,17,1,45.25,16.0
3990,2836,48,1,50.55,8.8
3991,2837,14,1,48.43,22.3
3992,2837,55,1,32.55,1.2
3993,2838,11,1,82.47,19.0
3994,2838,7,2,92.46,10.0
3995,2839,66,1,39.9,7.2
3996,2839,28,1,104.37,4.5
3997,2840,56,1,64.72,0.0
3998,2841,48,1,52.05,6.1
3999,2841,65,1,29.97,3.1
4000,2842,22,1,79.28,15.7
4001,2842,13,1,87.62,11.2
4002,2843,36,1,38.0,9.3
4003,2843,15,1,33.63,11.7
4004,2844,58,1,40.36,6.1
4005,2844,52,1,50.63,10.0
4006,2844,50,1,31.49,13.5
4007,2845,53,1,101.88,12.5
4008,2846,59,1,103.29,9.4
4009,2846,9,2,58.52,18.3
4010,2847,11,1,83.87,17.7
4011,2847,24,2,52.62,11.1
4012,2847,34,1,70.82,9.6
4013,2848,11,1,88.46,13.2
4014,2849,4,1,98.08,15.9
4015,2849,61,1,86.26,4.5
4016,2850,59,1,102.15,10.4
4017,2851,59,1,100.73,11.7
4018,2852,24,1,53.04,10.4
4019,2852,59,1,101.15,11.3
4020,2853,26,1,29.29,16.4
4021,2853,37,1,104.04,3.8
4022,2854,42,1,99.51,2.0
4023,2855,63,3,22.57,1.1
4024,2856,40,1,90.46,0.1
4025,2857,30,1,29.31,3.1
4026,2858,13,1,85.26,13.6
4027,2859,54,1,56.54,13.8
4028,2860,1,2,95.05,10.8
4029,2861,11,2,92.68,9.0
4030,2862,46,1,31.89,16.1
4031,2863,48,1,49.37,10.9
4032,2863,61,2,84.02,7.0
4033,2864,40,2,79.07,12.7
4034,2865,62,2,25.81,4.9
4035,2866,44,1,88.96,12.2
4036,2867,56,1,51.46,20.5
4037,2868,37,1,99.01,8.4
4038,2869,20,1,41.45,11.6
4039,2870,34,1,75.02,4.2
4040,2871,21,1,69.61,8.8
4041,2872,29,1,70.18,4.2
4042,2873,54,1,59.65,9.0
4043,2874,6,1,62.56,10.0
4044,2875,27,1,109.03,5.8
4045,2876,59,1,104.76,8.1
4046,2876,11,1,87.6,14.0
4047,2877,5,1,28.95,10.9
4048,2877,25,1,80.31,7.6
4049,2878,44,1,89.22,11.9
4050,2879,10,1,113.87,4.7
4051,2880,5,1,28.57,12.1
4052,2880,33,1,89.21,4.9
4053,2881,13,1,91.45,7.4
4054,2881,56,1,60.82,6.0
4055,2882,62,1,27.15,0.0
4056,2882,17,1,46.96,12.8
4057,2883,64,1,50.33,0.0
4058,2884,32,1,88.0,3.4
4059,2885,29,1,64.44,12.0
4060,2886,15,2,35.39,7.1
4061,2887,44,1,91.07,10.1
4062,2888,12,1,127.05,14.0
4063,2889,33,1,93.81,0.0
4064,2890,14,1,55.04,11.7
4065,2891,2,1,112.36,10.6
4066,2891,37,1,98.1,9.3
4067,2892,10,1,112.5,5.9
4068,2893,40,1,78.62,13.2
4069,2893,55,1,30.65,7.0
4070,2894,56,1,59.47,8.1
4071,2895,27,1,106.3,8.1
4072,2896,10,1,105.18,12.0
4073,2897,5,2,26.11,19.6
4074,2897,46,2,36.66,3.6
4075,2897,51,1,118.42,10.3
4076,2898,17,2,46.37,13.9
4077,2899,62,2,26.51,2.3
4078,2900,23,1,116.97,7.4
4079,2901,33,2,87.14,7.1
4080,2902,1,1,91.61,14.0
4081,2903,62,1,25.84,4.8
4082,2904,4,1,107.15,8.1
4083,2904,44,1,89.49,11.7
4084,2905,3,1,27.85,16.4
4085,2906,64,1,47.89,4.8
4086,2906,23,1,106.63,15.6
4087,2907,6,1,58.34,16.1
4088,2908,37,1,100.62,6.9
4089,2909,60,1,61.97,13.1
4090,2910,22,1,78.12,17.0
4091,2910,1,1,95.48,10.3
4092,2911,16,1,114.82,4.7
4093,2912,46,1,31.2,17.9
4094,2912,20,2,43.18,7.9
4095,2913,5,2,29.04,10.6
4096,2913,1,2,95.72,10.1
4097,2914,58,1,42.97,0.0
4098,2915,25,1,73.62,15.3
4099,2916,54,1,53.32,18.7
4100,2917,8,1,62.76,1.9
4101,2918,1,1,89.14,16.3
4102,2919,5,1,31.09,4.3
4103,2920,31,2,85.42,10.4
4104,2921,10,1,85.97,28.1
4105,2921,16,1,103.57,14.0
4106,2922,34,1,75.97,3.0
4107,2922,17,1,49.53,8.0
4108,2923,1,1,83.83,21.3
4109,2924,45,1,36.89,0.0
4110,2924,39,1,49.31,10.3
4111,2925,46,1,34.8,8.4
4112,2926,41,1,72.29,22.2
4113,2927,10,1,103.71,13.2
4114,2928,12,1,127.07,14.0
4115,2929,41,1,87.28,6.1
4116,2930,8,1,53.06,17.0
4117,2931,43,1,18.02,0.0
4118,2931,62,2,23.4,13.8
4119,2931,45,1,28.86,21.8
4120,2932,39,2,49.72,9.6
4121,2933,65,2,30.84,0.3
4122,2934,31,1,83.48,12.4
4123,2934,30,1,28.86,4.6
4124,2935,61,2,89.19,1.3
4125,2936,45,1,33.48,9.2
4126,2936,7,1,80.42,21.7
4127,2937,52,1,50.54,10.2
4128,2938,17,1,50.91,5.5
4129,2938,41,1,87.65,5.7
4130,2939,37,1,93.68,13.3
4131,2939,11,1,93.6,8.1
4132,2939,29,1,67.69,7.6
4133,2940,42,1,96.39,5.0
4134,2941,38,1,23.13,0.0
4135,2942,18,1,61.23,7.1
4136,2943,37,1,96.02,11.2
4137,2944,26,1,30.36,13.4
4138,2945,61,1,90.36,0.0
4139,2945,32,2,88.92,2.3
4140,2946,2,1,104.9,16.6
4141,2947,54,1,53.81,17.9
4142,2948,6,1,57.55,17.2
4143,2949,43,1,16.12,10.6
4144,2949,66,1,42.98,0.0
4145,2950,66,1,40.07,6.8
4146,2951,17,2,48.21,10.5
4147,2951,44,1,101.29,0.0
4148,2952,17,1,42.48,21.1
4149,2953,43,1,17.97,0.3
4150,2953,5,1,27.06,16.7
4151,2954,57,1,51.23,7.1
4152,2954,7,1,89.63,12.7
4153,2955,13,1,83.92,15.0
4154,2956,43,1,16.11,10.6
4155,2957,63,1,21.88,4.1
4156,2958,57,1,53.08,3.7
4157,2959,47,1,66.45,1.7
4158,2960,15,1,33.93,11.0
4159,2961,20,1,41.14,12.3
4160,2962,21,2,61.25,19.7
4161,2963,9,2,57.93,19.1
4162,2964,47,1,61.01,9.8
4163,2965,43,1,17.0,5.7
4164,2966,26,1,30.2,13.8
4165,2967,38,3,19.98,13.6
4166,2968,3,2,30.48,8.5
4167,2968,30,2,29.12,3.7
4168,2969,33,1,83.59,10.9
4169,2970,18,1,56.59,14.1
4170,2971,24,1,48.62,17.8
4171,2972,24,1,52.49,11.3
4172,2972,37,2,104.1,3.7
4173,2972,48,3,54.77,1.2
4174,2973,9,1,63.17,11.8
4175,2974,66,1,38.0,11.6
4176,2975,51,1,118.97,9.9
4177,2976,13,1,86.09,12.8
4178,2976,59,1,103.67,9.1
4179,2977,19,1,30.63,7.1
4180,2977,6,1,58.11,16.4
4181,2977,3,1,26.43,20.7
4182,2978,2,1,111.97,10.9
4183,2978,17,1,42.4,21.3
4184,2979,22,1,77.65,17.5
4185,2980,60,1,66.02,7.4
4186,2981,34,1,65.9,15.9
4187,2982,35,1,19.24,9.1
4188,2982,53,1,109.78,5.8
4189,2983,26,2,28.73,18.0
4190,2984,8,1,50.89,20.4
4191,2985,37,1,97.36,9.9
4192,2986,53,1,106.86,8.3
4193,2987,30,1,26.41,12.7
4194,2988,60,1,61.39,13.9
4195,2988,40,1,88.75,2.0
4196,2988,55,1,31.26,5.1
4197,2989,62,1,26.33,3.0
4198,2990,29,1,65.24,10.9
4199,2991,11,1,84.04,17.5
4200,2992,54,2,59.61,9.1
4201,2992,65,1,30.75,0.6
4202,2993,26,1,32.8,6.4
4203,2994,40,1,76.72,15.2
4204,2995,54,1,63.72,2.8
4205,2996,32,1,87.21,4.2
4206,2997,19,1,26.98,18.2
4207,2998,11,1,87.18,14.4
4208,2999,28,1,106.69,2.4
4209,3000,31,2,94.11,1.3
4210,3000,64,2,46.63,7.3
